member_id,date,mood,stress,fatigue,sleep_hours,activity_minutes,note,bad_day_tomorrow
1,15/04/2025,1,4,5,7.5,0,tired,1
1,16/04/2025,1,4,5,7.5,0,exam,1
1,17/04/2025,1,4,5,8.6,20,exam,1
1,18/04/2025,1,4,5,6.8,20,,1
1,19/04/2025,1,4,5,7.6,20,,1
1,20/04/2025,1,4,5,7.2,0,busy day,1
1,21/04/2025,1,4,5,8,20,exam,1
1,22/04/2025,1,4,5,8.2,0,travel,1
1,23/04/2025,1,4,5,8.6,20,,1
1,24/04/2025,1,4,5,7.8,0,travel,1
1,25/04/2025,1,4,5,7.4,0,travel,1
1,26/04/2025,1,4,5,7.1,0,tired,1
1,27/04/2025,1,4,5,6.9,0,exam,1
1,28/04/2025,1,4,5,7.8,0,tired,1
1,29/04/2025,1,4,5,8.6,0,tired,1
1,30/04/2025,1,4,5,8.5,20,travel,1
1,01/05/2025,1,4,5,7.5,20,travel,1
1,02/05/2025,1,4,5,5.9,0,rest day,1
1,03/05/2025,1,4,5,7.9,0,exam,1
1,04/05/2025,1,4,5,8.7,0,rest day,1
1,05/05/2025,1,4,5,7.8,0,,1
1,06/05/2025,1,4,5,7.1,0,travel,1
1,07/05/2025,1,4,5,7.1,0,tired,1
1,08/05/2025,1,4,5,7.8,0,travel,1
1,09/05/2025,1,4,5,6.5,0,exam,1
1,10/05/2025,1,4,4,8.1,0,rest day,1
1,11/05/2025,1,4,4,7.1,0,rest day,1
1,12/05/2025,1,4,4,6.3,0,,1
1,13/05/2025,1,4,4,8.2,0,busy day,1
1,14/05/2025,1,4,4,6.2,0,tired,1
1,15/05/2025,1,3,4,7.4,0,busy day,1
1,16/05/2025,1,3,4,7.6,0,exam,1
1,17/05/2025,1,3,4,6.8,20,,1
1,18/05/2025,1,4,4,8.5,0,exam,1
1,19/05/2025,1,4,4,7.1,0,rest day,1
1,20/05/2025,1,4,3,8.1,20,exam,1
1,21/05/2025,1,4,3,6.4,20,travel,1
1,22/05/2025,1,4,4,7.6,0,rest day,1
1,23/05/2025,1,4,3,9,0,,1
1,24/05/2025,1,4,3,6.6,20,rest day,1
1,25/05/2025,1,4,3,6.8,0,rest day,1
1,26/05/2025,1,4,3,6.9,0,,1
1,27/05/2025,1,4,4,8.1,0,travel,1
1,28/05/2025,1,4,4,8.2,20,exam,1
1,29/05/2025,1,4,4,8.3,0,travel,1
1,30/05/2025,1,4,4,6.4,0,busy day,1
1,31/05/2025,1,4,4,5.7,0,travel,0
2,16/04/2025,1,3,1,6.6,40,,0
2,17/04/2025,1,3,1,5.8,60,,0
2,18/04/2025,1,3,1,5.9,60,tired,1
2,19/04/2025,1,2,1,5.7,60,travel,1
2,20/04/2025,1,2,1,5.5,20,tired,1
2,21/04/2025,1,2,1,6.4,20,travel,1
2,22/04/2025,1,3,1,5.8,40,travel,0
2,23/04/2025,1,3,1,6.7,60,,0
2,24/04/2025,1,3,1,6.5,20,exam,0
2,25/04/2025,1,3,1,6.3,20,,0
2,26/04/2025,1,3,1,6.1,40,tired,1
2,27/04/2025,1,3,1,5,20,tired,1
2,28/04/2025,1,3,1,4.9,20,,1
2,29/04/2025,1,2,1,6.3,40,busy day,1
2,30/04/2025,1,2,1,6,40,travel,1
2,01/05/2025,1,2,1,5.5,40,busy day,1
2,02/05/2025,1,3,1,5.7,60,exam,0
2,03/05/2025,1,2,1,8.4,20,rest day,0
2,04/05/2025,1,3,1,7.5,40,rest day,0
2,05/05/2025,1,3,1,6.3,40,busy day,0
2,06/05/2025,1,3,2,6.2,20,exam,0
2,07/05/2025,1,3,2,5.9,60,rest day,1
2,08/05/2025,1,3,2,5.3,40,tired,1
2,09/05/2025,1,3,2,6.3,60,rest day,1
2,10/05/2025,1,3,2,5.9,60,rest day,0
2,11/05/2025,1,3,2,7.1,60,travel,0
2,12/05/2025,1,3,2,5.1,20,tired,0
2,13/05/2025,1,3,2,6.4,60,busy day,0
2,14/05/2025,1,3,3,7.4,60,travel,0
2,15/05/2025,1,3,3,5.6,40,travel,0
2,16/05/2025,1,3,3,5.9,60,exam,0
2,17/05/2025,1,3,3,6.5,40,tired,0
2,18/05/2025,1,3,3,6.5,40,travel,0
2,19/05/2025,1,3,3,6.1,40,busy day,1
2,20/05/2025,1,4,3,6.4,20,rest day,1
2,21/05/2025,1,4,3,5.1,40,tired,0
2,22/05/2025,1,3,3,6.8,40,tired,0
2,23/05/2025,1,3,3,7,20,travel,0
2,24/05/2025,1,3,3,5.7,60,,0
2,25/05/2025,1,3,3,5.7,40,busy day,1
2,26/05/2025,1,3,3,6.5,40,rest day,0
2,27/05/2025,1,3,3,6,20,,0
2,28/05/2025,1,3,3,6.4,20,,0
2,29/05/2025,1,3,3,5.7,20,travel,0
2,30/05/2025,2,2,3,7.2,20,tired,0
2,31/05/2025,2,3,3,5.2,40,,0
3,15/04/2025,1,2,2,6.2,0,travel,0
3,16/04/2025,1,3,3,6.5,20,tired,0
3,17/04/2025,1,3,3,6.9,20,tired,0
3,18/04/2025,1,3,3,7,0,tired,0
3,19/04/2025,1,3,3,6.3,0,,0
3,20/04/2025,1,3,3,7.3,20,exam,0
3,21/04/2025,1,3,3,6.2,20,rest day,0
3,22/04/2025,1,3,3,7.1,0,busy day,0
3,23/04/2025,1,3,3,7.5,0,,0
3,24/04/2025,1,3,3,6.9,0,,0
3,25/04/2025,1,2,3,7.8,0,rest day,0
3,26/04/2025,1,2,3,7.6,20,rest day,0
3,27/04/2025,1,2,3,6.8,0,rest day,1
3,28/04/2025,1,2,4,7.3,0,,1
3,29/04/2025,1,3,4,6.1,0,rest day,1
3,30/04/2025,1,3,4,5.9,20,busy day,1
3,01/05/2025,1,2,4,7.1,0,busy day,1
3,02/05/2025,1,2,4,6.2,20,busy day,1
3,03/05/2025,1,2,4,6.1,0,exam,1
3,04/05/2025,1,2,5,6.4,0,busy day,1
3,05/05/2025,1,2,5,6.4,0,rest day,1
3,06/05/2025,1,2,5,4.8,0,,1
3,07/05/2025,1,2,4,7.4,0,,1
3,08/05/2025,1,2,4,6.7,0,tired,1
3,09/05/2025,1,3,4,7,0,busy day,1
3,10/05/2025,1,3,4,6.6,0,busy day,1
3,11/05/2025,1,3,4,6.7,20,tired,1
3,12/05/2025,1,3,5,7.1,0,busy day,1
3,13/05/2025,1,3,5,7.6,20,travel,1
3,14/05/2025,1,4,5,7.7,0,travel,1
3,15/05/2025,1,4,5,6.4,0,rest day,1
3,16/05/2025,1,3,5,8,0,tired,1
3,17/05/2025,1,4,5,6.8,20,travel,1
3,18/05/2025,1,4,5,6.3,20,tired,1
3,19/05/2025,1,4,5,7.7,20,busy day,1
3,20/05/2025,1,4,5,6.5,0,rest day,1
3,21/05/2025,1,4,5,6.9,20,exam,1
3,22/05/2025,1,5,5,6.8,0,tired,1
3,23/05/2025,1,5,5,6.9,0,travel,1
3,24/05/2025,1,4,5,8.2,20,,1
3,25/05/2025,1,4,5,6,0,exam,1
3,26/05/2025,1,4,5,6.7,20,,1
3,27/05/2025,1,4,4,5.5,0,,1
3,28/05/2025,1,4,4,5.9,20,tired,0
3,29/05/2025,1,3,3,7.1,0,,1
3,30/05/2025,1,3,4,6.4,0,rest day,1
3,31/05/2025,2,3,4,6.8,20,rest day,0
4,25/03/2025,1,5,5,7.3,0,travel,1
4,26/03/2025,1,5,5,5.4,0,,1
4,27/03/2025,1,5,5,6.5,20,busy day,1
4,28/03/2025,1,5,5,6.5,0,tired,1
4,29/03/2025,1,5,5,6.2,0,rest day,1
4,30/03/2025,1,5,5,6,20,,1
4,31/03/2025,1,5,5,7.6,0,travel,1
4,01/04/2025,1,5,5,6.6,0,,1
4,02/04/2025,1,5,5,6.1,0,tired,1
4,03/04/2025,1,5,5,5.9,20,,1
4,04/04/2025,1,5,5,7.7,0,travel,1
4,05/04/2025,1,5,5,7.5,0,,1
4,06/04/2025,1,5,5,7.3,20,tired,1
4,07/04/2025,1,5,5,6,20,travel,1
4,08/04/2025,1,5,5,6.9,20,travel,1
4,09/04/2025,1,5,5,7.8,0,busy day,1
4,10/04/2025,1,5,5,6.4,20,travel,1
4,11/04/2025,1,5,5,6.3,20,,1
4,12/04/2025,1,5,4,5.5,0,,1
4,13/04/2025,1,4,4,6.6,20,exam,1
4,14/04/2025,1,4,3,6.4,0,rest day,1
4,15/04/2025,1,4,3,6.6,0,,1
4,16/04/2025,1,4,3,6.6,0,travel,1
4,17/04/2025,1,4,3,6.8,20,rest day,1
4,18/04/2025,1,4,3,6.8,0,travel,1
4,19/04/2025,1,4,3,7.2,20,,1
4,20/04/2025,1,4,3,6.8,0,tired,1
4,21/04/2025,1,4,3,6.5,0,exam,1
4,22/04/2025,1,4,3,6.3,0,tired,1
4,23/04/2025,1,4,3,6.5,0,tired,1
4,24/04/2025,1,4,3,7.4,0,busy day,1
4,25/04/2025,1,4,3,6.4,0,rest day,1
4,26/04/2025,1,4,3,7.2,20,rest day,1
4,27/04/2025,1,4,2,6.5,0,travel,1
4,28/04/2025,1,4,2,6.8,20,rest day,1
4,29/04/2025,1,4,2,6.4,0,rest day,1
4,30/04/2025,1,4,2,6.9,20,busy day,1
4,01/05/2025,1,4,2,7.4,0,exam,1
4,02/05/2025,1,4,2,6.3,20,busy day,1
4,03/05/2025,1,4,2,6.7,0,exam,1
4,04/05/2025,1,4,2,6.1,0,busy day,1
4,05/05/2025,1,4,2,5.9,0,,1
4,06/05/2025,1,4,2,6.1,0,busy day,1
4,07/05/2025,1,4,2,5.4,0,tired,0
4,08/05/2025,1,3,1,7.2,20,,0
4,09/05/2025,1,3,2,6,20,busy day,0
4,10/05/2025,1,3,2,6.4,20,tired,0
4,11/05/2025,1,3,2,6.7,0,busy day,0
4,12/05/2025,1,3,2,7.1,20,busy day,0
4,13/05/2025,1,3,2,5.7,0,busy day,0
4,14/05/2025,1,3,2,6.1,0,tired,0
4,15/05/2025,1,3,2,7.4,0,tired,0
4,16/05/2025,1,3,1,8.2,0,,0
4,17/05/2025,1,3,1,7.7,20,,0
4,18/05/2025,1,3,1,6.9,0,travel,0
4,19/05/2025,1,3,1,6,20,rest day,0
4,20/05/2025,1,3,1,6.1,0,,0
4,21/05/2025,1,3,2,6.2,0,,0
4,22/05/2025,1,3,2,6.4,20,travel,0
4,23/05/2025,1,3,2,6.1,0,busy day,1
4,24/05/2025,1,3,1,5.1,20,,1
4,25/05/2025,1,3,2,6.3,0,tired,0
4,26/05/2025,1,3,1,7.5,20,busy day,0
4,27/05/2025,1,3,2,6.9,0,exam,0
4,28/05/2025,2,3,2,6.4,0,tired,0
4,29/05/2025,3,3,2,7.2,0,busy day,0
4,30/05/2025,3,3,2,6.7,0,tired,0
4,31/05/2025,3,2,1,6.1,20,busy day,0
5,25/03/2025,1,5,5,5.9,20,tired,1
5,26/03/2025,1,5,5,6,20,travel,1
5,27/03/2025,1,5,5,5.6,40,exam,1
5,28/03/2025,1,5,5,4.2,20,exam,1
5,29/03/2025,1,5,5,6.2,40,tired,1
5,30/03/2025,1,5,5,5.1,60,travel,1
5,31/03/2025,1,5,5,6.2,20,rest day,1
5,01/04/2025,1,5,5,5,20,,1
5,02/04/2025,1,5,5,5.1,40,,1
5,03/04/2025,1,5,5,4.6,40,exam,1
5,04/04/2025,1,5,5,5.7,60,tired,1
5,05/04/2025,1,5,5,6.7,20,,1
5,06/04/2025,1,5,5,5.4,20,rest day,1
5,07/04/2025,1,5,5,5.6,20,exam,1
5,08/04/2025,1,5,5,5.7,60,travel,1
5,09/04/2025,1,5,5,5.4,40,rest day,1
5,10/04/2025,1,5,4,6.5,40,,1
5,11/04/2025,1,5,5,6.4,40,travel,1
5,12/04/2025,1,5,5,6.7,40,rest day,1
5,13/04/2025,1,5,5,5.5,60,travel,1
5,14/04/2025,1,5,5,5.6,40,exam,1
5,15/04/2025,1,5,5,5.4,60,rest day,1
5,16/04/2025,1,5,5,6.3,60,travel,1
5,17/04/2025,1,5,5,5.5,20,busy day,1
5,18/04/2025,1,5,5,5.6,20,tired,1
5,19/04/2025,1,5,4,6.4,40,exam,1
5,20/04/2025,1,5,4,5.6,20,exam,1
5,21/04/2025,1,5,4,5.2,20,tired,1
5,22/04/2025,1,5,3,7,40,,1
5,23/04/2025,1,5,3,4.7,40,exam,1
5,24/04/2025,1,5,3,5.4,40,tired,1
5,25/04/2025,1,5,3,5.7,20,exam,1
5,26/04/2025,1,5,2,5.6,20,travel,1
5,27/04/2025,1,5,2,5.4,20,tired,1
5,28/04/2025,1,5,2,5.3,60,travel,1
5,29/04/2025,1,4,1,6,40,,1
5,30/04/2025,1,4,1,6.6,20,,1
5,01/05/2025,1,4,2,7.3,40,travel,1
5,02/05/2025,1,4,2,5.4,60,travel,1
5,03/05/2025,1,4,2,5.6,20,busy day,1
5,04/05/2025,1,4,1,6.1,20,,1
5,05/05/2025,1,4,1,5.9,20,,0
5,06/05/2025,1,3,1,6.2,60,exam,1
5,07/05/2025,1,3,1,5.2,20,busy day,1
5,08/05/2025,1,3,1,5.7,60,exam,1
5,09/05/2025,1,3,1,5.5,40,rest day,1
5,10/05/2025,1,3,1,5,60,rest day,1
5,11/05/2025,1,3,1,5.8,40,tired,1
5,12/05/2025,1,3,1,6.1,60,busy day,1
5,13/05/2025,1,3,1,4.7,60,exam,0
5,14/05/2025,1,3,1,7.4,20,tired,0
5,15/05/2025,1,3,1,6.3,20,exam,0
5,16/05/2025,1,3,2,5.4,40,rest day,0
5,17/05/2025,1,3,1,6.6,20,rest day,1
5,18/05/2025,1,3,2,5.8,60,tired,0
5,19/05/2025,1,3,2,6.3,20,exam,1
5,20/05/2025,1,3,2,5.2,40,exam,1
5,21/05/2025,1,3,2,6,60,travel,1
5,22/05/2025,1,2,3,5.3,40,travel,1
5,23/05/2025,1,2,3,6.3,40,travel,0
5,24/05/2025,1,2,3,6.6,60,rest day,1
5,25/05/2025,1,3,4,6,40,busy day,1
5,26/05/2025,1,2,4,5.7,40,,1
5,27/05/2025,1,3,4,6.2,20,travel,1
5,28/05/2025,1,3,4,4,40,,1
5,29/05/2025,1,3,4,4.1,60,travel,1
5,30/05/2025,1,3,3,6.1,20,travel,1
5,31/05/2025,2,3,4,5.9,20,tired,0
6,23/03/2025,1,1,1,7,20,tired,0
6,24/03/2025,1,1,1,7.5,20,exam,0
6,25/03/2025,1,1,1,6.6,20,tired,0
6,26/03/2025,1,1,1,6.4,40,rest day,0
6,27/03/2025,1,1,1,6.8,0,rest day,0
6,28/03/2025,1,1,1,8.1,0,busy day,0
6,29/03/2025,1,1,1,6.5,40,exam,0
6,30/03/2025,1,1,1,7.2,20,rest day,0
6,31/03/2025,1,1,1,6,20,tired,0
6,01/04/2025,1,1,1,6.9,40,,0
6,02/04/2025,1,1,1,6.4,40,busy day,0
6,03/04/2025,1,1,1,5.9,40,tired,0
6,04/04/2025,1,1,1,6.8,0,tired,0
6,05/04/2025,1,1,1,8.2,20,tired,0
6,06/04/2025,1,1,1,8.6,40,tired,0
6,07/04/2025,1,1,1,7.5,40,rest day,0
6,08/04/2025,1,1,1,6.5,20,travel,0
6,09/04/2025,1,1,1,6.8,0,busy day,0
6,10/04/2025,1,1,1,6.1,40,travel,0
6,11/04/2025,1,1,1,6.1,40,exam,0
6,12/04/2025,1,1,1,6.6,20,,0
6,13/04/2025,1,1,1,7.3,40,rest day,0
6,14/04/2025,1,1,1,6.3,40,tired,0
6,15/04/2025,1,1,1,6.8,40,rest day,0
6,16/04/2025,1,1,1,6.5,40,tired,0
6,17/04/2025,1,1,1,5.8,20,exam,0
6,18/04/2025,1,1,1,7.1,0,,0
6,19/04/2025,1,1,1,7,0,exam,0
6,20/04/2025,1,1,1,6.8,0,exam,0
6,21/04/2025,1,1,1,7.1,0,,0
6,22/04/2025,1,1,1,5.7,0,tired,0
6,23/04/2025,1,1,1,7.3,40,busy day,0
6,24/04/2025,1,1,1,6.8,0,tired,0
6,25/04/2025,1,1,1,7.8,0,travel,0
6,26/04/2025,1,1,1,7,20,travel,0
6,27/04/2025,1,1,1,6.7,0,exam,0
6,28/04/2025,1,1,1,6.8,0,,0
6,29/04/2025,1,1,1,5.8,0,travel,0
6,30/04/2025,1,1,1,5.4,0,tired,0
6,01/05/2025,1,1,1,7,40,rest day,0
6,02/05/2025,1,1,1,6.6,20,,0
6,03/05/2025,1,1,1,6.2,20,,0
6,04/05/2025,1,1,1,7.1,40,,0
6,05/05/2025,1,1,1,6.1,0,travel,0
6,06/05/2025,1,1,1,7.3,40,busy day,0
6,07/05/2025,1,1,1,7.5,40,rest day,0
6,08/05/2025,1,2,1,7.9,20,travel,0
6,09/05/2025,1,2,1,6.4,20,busy day,0
6,10/05/2025,1,2,1,6.5,0,rest day,0
6,11/05/2025,1,2,1,7.2,40,tired,0
6,12/05/2025,1,2,1,6.9,20,exam,0
6,13/05/2025,1,2,1,7.3,40,rest day,0
6,14/05/2025,1,2,1,7,20,tired,0
6,15/05/2025,1,2,2,7.3,40,exam,0
6,16/05/2025,1,2,2,6.6,20,,0
6,17/05/2025,1,3,2,7,0,,0
6,18/05/2025,1,3,2,7.2,20,exam,0
6,19/05/2025,1,3,2,6.8,0,busy day,0
6,20/05/2025,1,2,2,6.4,0,rest day,0
6,21/05/2025,1,2,2,6.9,40,,0
6,22/05/2025,1,2,3,7.6,20,,0
6,23/05/2025,1,2,3,5.9,40,exam,0
6,24/05/2025,1,2,3,6.4,0,busy day,0
6,25/05/2025,1,2,3,6.4,40,travel,0
6,26/05/2025,1,3,3,6,20,exam,0
6,27/05/2025,1,3,3,6.8,0,rest day,0
6,28/05/2025,1,3,3,7.4,20,rest day,0
6,29/05/2025,1,3,3,5.9,0,tired,0
6,30/05/2025,2,3,3,7.6,20,exam,0
6,31/05/2025,2,3,3,6.1,40,rest day,0
7,15/04/2025,1,5,5,6.1,20,tired,1
7,16/04/2025,1,5,5,6.7,20,travel,1
7,17/04/2025,1,5,4,7,20,busy day,1
7,18/04/2025,1,5,5,5.9,20,,1
7,19/04/2025,1,5,5,6.6,0,travel,1
7,20/04/2025,1,5,5,6.8,0,travel,1
7,21/04/2025,1,5,5,4.9,0,busy day,1
7,22/04/2025,1,4,4,6.3,0,exam,1
7,23/04/2025,1,4,4,6.4,20,rest day,1
7,24/04/2025,1,4,5,6.5,20,exam,1
7,25/04/2025,1,4,5,7.9,20,busy day,1
7,26/04/2025,1,4,5,6.7,0,travel,1
7,27/04/2025,1,4,5,7.5,20,,1
7,28/04/2025,1,5,5,5.8,0,,1
7,29/04/2025,1,4,5,7.1,0,exam,1
7,30/04/2025,1,3,5,6.7,20,travel,1
7,01/05/2025,1,3,4,6.3,20,tired,1
7,02/05/2025,1,3,4,6.4,0,exam,1
7,03/05/2025,1,4,4,7,20,,1
7,04/05/2025,1,4,4,7.9,20,,1
7,05/05/2025,1,4,5,6.8,0,exam,1
7,06/05/2025,1,4,5,6.5,0,travel,1
7,07/05/2025,1,4,5,7.3,0,rest day,1
7,08/05/2025,1,4,5,5.8,0,busy day,1
7,09/05/2025,1,3,5,5.7,0,travel,1
7,10/05/2025,1,3,5,6.1,20,rest day,1
7,11/05/2025,1,3,5,6,0,exam,1
7,12/05/2025,1,3,5,5,0,exam,1
7,13/05/2025,1,2,5,6.1,0,,1
7,14/05/2025,1,2,5,7.5,0,exam,1
7,15/05/2025,1,2,5,6.6,0,exam,1
7,16/05/2025,1,3,5,5.7,0,busy day,1
7,17/05/2025,1,2,5,6.7,20,tired,1
7,18/05/2025,1,3,5,6.5,20,rest day,1
7,19/05/2025,1,3,4,6.5,0,,1
7,20/05/2025,1,3,4,7.4,0,tired,1
7,21/05/2025,1,3,5,6.4,20,tired,1
7,22/05/2025,1,3,4,7.3,0,exam,1
7,23/05/2025,1,3,5,6,0,exam,1
7,24/05/2025,1,3,5,6.4,0,busy day,1
7,25/05/2025,1,3,4,6.6,0,tired,1
7,26/05/2025,1,3,4,5.4,20,tired,1
7,27/05/2025,1,3,4,6.4,0,busy day,1
7,28/05/2025,1,3,4,6.2,0,,1
7,29/05/2025,1,3,4,7.1,0,busy day,1
7,30/05/2025,1,3,4,5.9,0,,1
7,31/05/2025,2,2,4,6.4,0,rest day,0
8,26/03/2025,1,2,1,6.7,20,exam,0
8,27/03/2025,1,2,1,7.6,0,,0
8,28/03/2025,1,3,1,8.3,0,rest day,0
8,29/03/2025,1,3,1,8.2,0,tired,0
8,30/03/2025,1,2,2,7.7,0,rest day,0
8,31/03/2025,1,2,2,7,0,busy day,0
8,01/04/2025,1,3,2,7.7,20,travel,0
8,02/04/2025,1,3,2,6.2,0,tired,0
8,03/04/2025,1,3,2,6.3,0,rest day,0
8,04/04/2025,1,3,2,6.7,20,busy day,0
8,05/04/2025,1,3,2,6.2,20,busy day,0
8,06/04/2025,1,3,2,7.4,0,busy day,0
8,07/04/2025,1,3,2,5.1,0,exam,0
8,08/04/2025,1,3,2,6.8,0,rest day,0
8,09/04/2025,1,3,1,6.7,20,travel,0
8,10/04/2025,1,3,2,6.2,0,travel,0
8,11/04/2025,1,3,2,7.8,20,busy day,0
8,12/04/2025,1,3,2,5.9,0,tired,0
8,13/04/2025,1,2,1,6.5,20,exam,0
8,14/04/2025,1,2,1,6.8,20,exam,0
8,15/04/2025,1,3,2,6.6,20,,0
8,16/04/2025,1,3,2,6.9,0,travel,0
8,17/04/2025,1,3,2,7.1,20,busy day,0
8,18/04/2025,1,3,2,5.2,0,exam,1
8,19/04/2025,1,2,1,5.6,0,travel,1
8,20/04/2025,1,2,1,7,20,travel,0
8,21/04/2025,1,2,1,8.1,20,tired,0
8,22/04/2025,1,2,2,8.4,0,rest day,0
8,23/04/2025,1,2,2,6.8,20,rest day,0
8,24/04/2025,1,2,2,5.5,0,busy day,0
8,25/04/2025,1,2,2,6.1,0,rest day,0
8,26/04/2025,1,2,2,7,0,busy day,0
8,27/04/2025,1,2,2,6.5,0,tired,0
8,28/04/2025,1,2,2,6.9,0,tired,0
8,29/04/2025,1,2,2,5.7,20,travel,0
8,30/04/2025,1,2,1,7.4,20,exam,0
8,01/05/2025,1,2,2,6.3,20,rest day,0
8,02/05/2025,1,2,2,6.6,20,busy day,0
8,03/05/2025,1,2,2,7.7,0,exam,0
8,04/05/2025,1,2,2,6.2,20,busy day,0
8,05/05/2025,1,3,2,6.6,0,rest day,0
8,06/05/2025,1,3,2,6.8,0,exam,0
8,07/05/2025,1,3,2,6.5,0,travel,0
8,08/05/2025,1,3,3,6.2,0,exam,0
8,09/05/2025,1,3,3,6.8,20,rest day,0
8,10/05/2025,1,3,3,7,0,,0
8,11/05/2025,1,3,3,8,0,rest day,0
8,12/05/2025,1,3,3,6.4,0,exam,0
8,13/05/2025,1,3,3,6.5,0,travel,0
8,14/05/2025,1,3,2,6.2,20,exam,0
8,15/05/2025,1,3,2,5.9,0,rest day,0
8,16/05/2025,1,3,2,6.4,20,,0
8,17/05/2025,1,3,2,7.9,0,busy day,0
8,18/05/2025,1,3,2,6.6,0,exam,0
8,19/05/2025,1,3,2,6.9,20,tired,0
8,20/05/2025,1,3,2,7.1,0,rest day,0
8,21/05/2025,1,3,2,7.5,0,rest day,0
8,22/05/2025,1,3,2,6.7,0,rest day,0
8,23/05/2025,1,3,2,6.6,0,rest day,0
8,24/05/2025,1,3,2,6.6,0,rest day,0
8,25/05/2025,1,3,2,8.2,20,travel,0
8,26/05/2025,1,3,2,8.6,20,travel,0
8,27/05/2025,1,3,2,6.1,20,,0
8,28/05/2025,2,3,2,6.7,0,busy day,0
8,29/05/2025,2,3,2,6.8,0,rest day,0
8,30/05/2025,3,3,2,7.5,0,,0
8,31/05/2025,4,3,2,7,0,exam,0
9,30/03/2025,1,3,5,7.3,20,busy day,1
9,31/03/2025,1,4,5,6.7,20,busy day,1
9,01/04/2025,1,4,5,7.7,0,rest day,1
9,02/04/2025,1,4,5,6.9,0,tired,1
9,03/04/2025,1,4,5,7.8,0,busy day,1
9,04/04/2025,1,4,5,7.5,0,travel,1
9,05/04/2025,1,4,5,7.2,0,busy day,1
9,06/04/2025,1,4,5,7.2,20,travel,1
9,07/04/2025,1,4,5,7.2,0,rest day,1
9,08/04/2025,1,4,5,5.8,20,travel,1
9,09/04/2025,1,3,5,8.2,0,busy day,1
9,10/04/2025,1,3,5,7.1,0,exam,1
9,11/04/2025,1,3,5,7.7,20,travel,1
9,12/04/2025,1,3,5,7,20,travel,1
9,13/04/2025,1,4,5,8.3,20,travel,1
9,14/04/2025,1,4,5,6.7,0,rest day,1
9,15/04/2025,1,4,5,6.5,0,busy day,1
9,16/04/2025,1,4,5,8.2,0,tired,1
9,17/04/2025,1,3,5,7.4,20,busy day,1
9,18/04/2025,1,4,5,8.7,20,,1
9,19/04/2025,1,4,5,7,0,tired,1
9,20/04/2025,1,4,5,7.1,0,travel,1
9,21/04/2025,1,4,5,7.8,0,,1
9,22/04/2025,1,4,5,7.4,0,busy day,1
9,23/04/2025,1,4,5,6.5,0,travel,1
9,24/04/2025,1,4,5,6.7,20,rest day,1
9,25/04/2025,1,4,5,7.5,20,tired,1
9,26/04/2025,1,4,5,7.2,0,tired,1
9,27/04/2025,1,4,5,6.6,20,busy day,1
9,28/04/2025,1,4,5,7.3,0,,1
9,29/04/2025,1,4,5,6.1,0,,1
9,30/04/2025,1,4,5,7.7,0,rest day,1
9,01/05/2025,1,4,5,7.6,0,rest day,1
9,02/05/2025,1,4,5,6.4,20,tired,1
9,03/05/2025,1,4,5,7.2,20,tired,1
9,04/05/2025,1,4,5,6.4,0,busy day,1
9,05/05/2025,1,4,5,7.4,0,busy day,1
9,06/05/2025,1,4,5,7.8,20,busy day,1
9,07/05/2025,1,4,5,8.3,0,rest day,1
9,08/05/2025,1,4,5,5.9,0,rest day,1
9,09/05/2025,1,4,5,8.2,0,tired,1
9,10/05/2025,1,4,5,7.5,20,travel,1
9,11/05/2025,1,4,5,4.9,0,rest day,1
9,12/05/2025,1,3,5,8.4,20,busy day,1
9,13/05/2025,1,3,5,6.5,0,busy day,1
9,14/05/2025,1,3,5,7.2,20,,1
9,15/05/2025,1,3,5,7.6,0,travel,1
9,16/05/2025,1,3,5,6.6,0,busy day,1
9,17/05/2025,1,3,5,6.3,0,tired,1
9,18/05/2025,1,4,5,6.9,20,,1
9,19/05/2025,1,4,5,8.3,0,,1
9,20/05/2025,1,4,5,6.6,0,tired,1
9,21/05/2025,1,4,5,7.8,0,tired,1
9,22/05/2025,1,4,5,6.8,0,tired,1
9,23/05/2025,1,4,5,7.9,0,exam,1
9,24/05/2025,1,4,5,6.1,0,rest day,1
9,25/05/2025,1,4,4,6.9,0,tired,1
9,26/05/2025,1,4,4,7.5,0,,1
9,27/05/2025,1,4,4,6.6,20,exam,1
9,28/05/2025,1,4,4,6.5,20,travel,1
9,29/05/2025,1,4,4,8.3,20,rest day,1
9,30/05/2025,1,4,4,7.4,20,rest day,1
9,31/05/2025,1,4,4,6.9,20,travel,0
10,18/04/2025,1,1,1,6.9,20,busy day,0
10,19/04/2025,1,1,1,7.7,20,busy day,0
10,20/04/2025,1,1,1,7.2,40,travel,0
10,21/04/2025,1,2,1,6.3,0,,0
10,22/04/2025,1,2,1,5.8,0,rest day,0
10,23/04/2025,1,1,1,7.2,40,travel,0
10,24/04/2025,1,2,1,5.6,0,busy day,0
10,25/04/2025,1,1,1,6.2,40,busy day,0
10,26/04/2025,1,1,1,6.4,40,tired,0
10,27/04/2025,1,1,1,8.1,40,,0
10,28/04/2025,1,1,1,7.6,20,busy day,0
10,29/04/2025,1,1,1,6.6,40,busy day,0
10,30/04/2025,1,1,1,7.2,20,travel,0
10,01/05/2025,1,1,1,5.8,40,exam,0
10,02/05/2025,1,1,1,7,0,busy day,0
10,03/05/2025,1,1,1,7.6,40,busy day,0
10,04/05/2025,1,1,1,6.8,40,,0
10,05/05/2025,1,1,1,6.9,40,tired,0
10,06/05/2025,1,1,1,6,0,rest day,0
10,07/05/2025,1,1,1,6.8,0,tired,0
10,08/05/2025,1,1,1,7.9,20,rest day,0
10,09/05/2025,1,1,1,7.1,0,busy day,0
10,10/05/2025,1,1,1,7.4,40,tired,0
10,11/05/2025,1,1,1,7.9,0,tired,0
10,12/05/2025,1,1,1,6.8,20,tired,0
10,13/05/2025,1,1,1,6.6,40,,0
10,14/05/2025,1,1,1,6.5,40,travel,0
10,15/05/2025,1,1,1,7.1,0,exam,0
10,16/05/2025,1,1,1,7.4,0,exam,0
10,17/05/2025,1,1,1,6.9,20,exam,0
10,18/05/2025,1,1,1,6.7,20,tired,0
10,19/05/2025,1,1,1,6.7,40,exam,0
10,20/05/2025,1,1,1,7.2,0,rest day,0
10,21/05/2025,1,1,1,7.4,20,,0
10,22/05/2025,1,1,1,6.9,40,busy day,0
10,23/05/2025,1,1,2,7.4,20,exam,0
10,24/05/2025,1,1,2,6.8,20,tired,0
10,25/05/2025,1,2,2,7.6,20,rest day,0
10,26/05/2025,1,2,2,6.3,20,busy day,0
10,27/05/2025,1,2,3,7.6,40,travel,0
10,28/05/2025,1,2,3,6.7,40,exam,0
10,29/05/2025,2,2,3,6.7,20,rest day,0
10,30/05/2025,3,2,3,7.3,0,tired,0
10,31/05/2025,3,2,3,8,40,exam,0
11,01/04/2025,1,1,1,7.7,60,rest day,0
11,02/04/2025,1,1,1,7.2,20,tired,0
11,03/04/2025,1,1,1,7.6,40,exam,0
11,04/04/2025,1,1,1,7.2,20,,0
11,05/04/2025,1,1,1,7.2,20,travel,0
11,06/04/2025,1,1,1,6.9,40,rest day,0
11,07/04/2025,1,1,1,7.2,40,,0
11,08/04/2025,1,1,1,6.7,40,busy day,0
11,09/04/2025,1,1,1,7.2,60,,0
11,10/04/2025,1,1,1,6.8,60,exam,0
11,11/04/2025,2,1,1,7.7,40,busy day,0
11,12/04/2025,2,1,1,7.2,60,exam,0
11,13/04/2025,2,1,1,7.2,60,busy day,0
11,14/04/2025,2,1,1,7.4,20,exam,0
11,15/04/2025,2,1,1,7.8,40,exam,0
11,16/04/2025,2,1,1,7.5,60,busy day,0
11,17/04/2025,1,1,1,7,60,tired,0
11,18/04/2025,2,1,1,7.3,20,exam,0
11,19/04/2025,2,1,1,6.4,20,busy day,0
11,20/04/2025,2,1,1,8.3,60,exam,0
11,21/04/2025,1,1,1,7.4,60,,0
11,22/04/2025,1,1,1,7.1,20,tired,0
11,23/04/2025,2,1,1,7.1,20,busy day,0
11,24/04/2025,2,1,1,8.8,60,tired,0
11,25/04/2025,1,1,1,7.6,20,busy day,0
11,26/04/2025,2,1,1,7.8,60,rest day,0
11,27/04/2025,2,1,1,8,20,,0
11,28/04/2025,1,1,1,6.8,60,,0
11,29/04/2025,2,1,1,7.7,20,rest day,0
11,30/04/2025,2,1,1,8.3,40,travel,0
11,01/05/2025,2,1,1,6.9,40,travel,0
11,02/05/2025,1,1,1,8.5,20,busy day,0
11,03/05/2025,1,1,1,7,60,,0
11,04/05/2025,1,1,1,7.2,60,travel,0
11,05/05/2025,1,1,1,7.2,60,travel,0
11,06/05/2025,1,1,1,7.3,20,tired,0
11,07/05/2025,1,1,1,6.5,20,busy day,0
11,08/05/2025,1,1,1,6.9,60,tired,0
11,09/05/2025,1,1,1,7.3,60,rest day,0
11,10/05/2025,1,1,1,7.1,20,busy day,0
11,11/05/2025,1,1,1,7.9,60,rest day,0
11,12/05/2025,1,1,1,7.1,40,rest day,0
11,13/05/2025,1,1,1,7.5,60,exam,0
11,14/05/2025,1,1,1,7.9,40,busy day,0
11,15/05/2025,1,1,1,6.5,40,,0
11,16/05/2025,1,1,1,7.5,20,busy day,0
11,17/05/2025,1,1,1,7.8,40,busy day,0
11,18/05/2025,1,1,1,7.2,60,exam,0
11,19/05/2025,1,2,1,6.9,40,tired,0
11,20/05/2025,1,2,2,7.8,40,busy day,0
11,21/05/2025,1,2,2,7.2,60,tired,0
11,22/05/2025,1,3,3,6.7,60,travel,0
11,23/05/2025,1,3,3,6.8,60,travel,0
11,24/05/2025,1,3,3,7.6,40,rest day,0
11,25/05/2025,1,3,3,7.9,20,rest day,0
11,26/05/2025,1,3,3,7.2,40,travel,1
11,27/05/2025,1,4,3,7.5,20,busy day,1
11,28/05/2025,1,4,3,7.7,40,busy day,1
11,29/05/2025,1,4,3,7.6,40,exam,1
11,30/05/2025,2,4,3,8.3,40,exam,0
11,31/05/2025,3,4,3,7.4,40,,0
12,28/03/2025,1,2,1,6,20,busy day,0
12,29/03/2025,1,2,1,7.9,20,,0
12,30/03/2025,1,1,1,7.6,20,busy day,0
12,31/03/2025,1,1,1,6.9,0,busy day,0
12,01/04/2025,2,2,1,7.8,20,,0
12,02/04/2025,1,2,1,7.9,20,exam,0
12,03/04/2025,1,2,1,7.4,0,rest day,0
12,04/04/2025,1,1,1,7.1,0,travel,0
12,05/04/2025,1,1,1,6.4,0,,0
12,06/04/2025,1,1,1,7.8,0,exam,0
12,07/04/2025,1,1,1,6.1,20,rest day,0
12,08/04/2025,1,1,1,6.8,20,busy day,0
12,09/04/2025,1,1,1,7.5,0,travel,0
12,10/04/2025,1,1,1,7.2,20,exam,0
12,11/04/2025,1,1,1,6.4,0,,0
12,12/04/2025,1,1,1,7,0,travel,0
12,13/04/2025,1,1,1,7.8,0,,0
12,14/04/2025,1,1,1,6.4,20,travel,0
12,15/04/2025,1,1,1,6.5,0,rest day,0
12,16/04/2025,1,1,1,7.8,0,exam,0
12,17/04/2025,1,1,1,8.6,0,rest day,0
12,18/04/2025,1,1,1,7.8,0,,0
12,19/04/2025,1,1,1,6.7,0,tired,0
12,20/04/2025,1,1,1,7.1,20,rest day,0
12,21/04/2025,1,1,1,7.7,0,rest day,0
12,22/04/2025,1,1,1,6.5,20,travel,0
12,23/04/2025,1,1,1,8.1,0,,0
12,24/04/2025,1,1,1,6.4,0,tired,0
12,25/04/2025,1,1,1,7.9,20,rest day,0
12,26/04/2025,1,1,1,5.6,20,busy day,0
12,27/04/2025,1,1,1,6.3,20,busy day,0
12,28/04/2025,1,1,1,6.5,0,rest day,0
12,29/04/2025,1,1,1,7.6,0,travel,0
12,30/04/2025,1,1,1,7,20,exam,0
12,01/05/2025,1,1,1,7.5,0,,0
12,02/05/2025,1,1,1,5.6,0,travel,0
12,03/05/2025,1,1,1,6.7,0,,0
12,04/05/2025,1,1,1,6.2,20,exam,0
12,05/05/2025,1,1,1,6.8,0,tired,0
12,06/05/2025,1,1,1,6.8,20,,0
12,07/05/2025,1,2,1,8.1,0,rest day,0
12,08/05/2025,1,2,1,6.2,0,rest day,0
12,09/05/2025,1,2,1,8,0,travel,0
12,10/05/2025,1,2,1,5.6,0,travel,0
12,11/05/2025,1,2,1,7,0,tired,0
12,12/05/2025,1,2,1,7.1,0,exam,0
12,13/05/2025,1,2,1,6.6,0,exam,0
12,14/05/2025,1,2,1,6.1,0,rest day,0
12,15/05/2025,1,2,1,6.4,0,busy day,0
12,16/05/2025,1,2,1,6.1,0,tired,0
12,17/05/2025,1,2,1,6.3,0,travel,0
12,18/05/2025,1,2,1,6.9,0,,0
12,19/05/2025,1,2,1,7.8,0,rest day,0
12,20/05/2025,1,1,1,7,20,busy day,0
12,21/05/2025,1,1,2,6.7,20,tired,0
12,22/05/2025,1,1,2,7.3,0,tired,0
12,23/05/2025,1,1,2,8.3,20,tired,0
12,24/05/2025,1,2,2,6.4,0,travel,0
12,25/05/2025,1,2,2,7.8,0,,0
12,26/05/2025,1,2,3,6.7,0,tired,0
12,27/05/2025,1,2,3,7.8,0,tired,0
12,28/05/2025,1,2,3,7.2,0,,0
12,29/05/2025,1,2,3,7.4,0,,0
12,30/05/2025,1,2,3,6.5,0,rest day,0
12,31/05/2025,2,2,3,7.4,0,,0
13,23/03/2025,2,1,1,7.4,60,rest day,0
13,24/03/2025,2,1,1,7.5,20,exam,0
13,25/03/2025,2,1,1,8.5,20,tired,0
13,26/03/2025,2,1,1,8.5,20,rest day,0
13,27/03/2025,2,1,1,8.3,40,busy day,0
13,28/03/2025,2,1,1,6.6,20,tired,0
13,29/03/2025,2,1,1,7.2,40,exam,0
13,30/03/2025,3,1,1,7,20,,0
13,31/03/2025,2,1,1,6.9,20,,0
13,01/04/2025,3,1,1,8,60,busy day,0
13,02/04/2025,3,1,1,6.8,20,busy day,0
13,03/04/2025,3,1,1,7.2,20,rest day,0
13,04/04/2025,3,1,1,7.5,60,rest day,0
13,05/04/2025,3,1,1,6.5,60,busy day,0
13,06/04/2025,3,1,1,6.6,20,rest day,0
13,07/04/2025,3,1,1,6.7,20,tired,0
13,08/04/2025,4,1,1,8,20,travel,0
13,09/04/2025,4,1,1,7.2,60,busy day,0
13,10/04/2025,4,1,1,6.9,60,busy day,0
13,11/04/2025,3,1,1,7.4,40,rest day,0
13,12/04/2025,3,1,1,7,40,tired,0
13,13/04/2025,3,1,1,8.9,40,,0
13,14/04/2025,3,1,1,9,40,tired,0
13,15/04/2025,3,1,1,8.3,60,travel,0
13,16/04/2025,3,1,1,6.8,60,,0
13,17/04/2025,3,1,1,8.6,60,travel,0
13,18/04/2025,2,1,1,9,60,exam,0
13,19/04/2025,2,1,1,7,20,rest day,0
13,20/04/2025,2,1,1,7.5,20,travel,0
13,21/04/2025,2,1,1,7.4,60,exam,0
13,22/04/2025,2,1,1,7,20,exam,0
13,23/04/2025,2,1,1,6.4,40,exam,0
13,24/04/2025,3,1,1,8.4,20,exam,0
13,25/04/2025,2,1,1,8.4,20,tired,0
13,26/04/2025,2,1,1,6.7,60,busy day,0
13,27/04/2025,2,1,1,6.7,60,tired,0
13,28/04/2025,2,1,1,7.2,60,exam,0
13,29/04/2025,2,1,1,8.1,60,busy day,0
13,30/04/2025,2,1,1,8.3,60,,0
13,01/05/2025,1,1,1,6.7,20,exam,0
13,02/05/2025,1,1,1,8.6,20,busy day,0
13,03/05/2025,1,1,1,7.9,40,rest day,0
13,04/05/2025,1,1,1,6.6,60,travel,0
13,05/05/2025,2,1,1,7.5,60,travel,0
13,06/05/2025,1,1,1,7.8,20,busy day,0
13,07/05/2025,1,1,1,8.5,40,tired,0
13,08/05/2025,1,1,1,8,40,busy day,0
13,09/05/2025,1,1,1,5.4,40,exam,0
13,10/05/2025,1,1,1,6.7,20,,0
13,11/05/2025,1,1,1,7.5,20,tired,0
13,12/05/2025,1,1,1,8.7,60,exam,0
13,13/05/2025,1,1,1,7.4,20,exam,0
13,14/05/2025,1,1,1,7.8,60,travel,0
13,15/05/2025,1,1,1,7.3,20,rest day,0
13,16/05/2025,1,1,1,9,40,busy day,0
13,17/05/2025,1,1,1,6.5,60,busy day,0
13,18/05/2025,1,1,1,7.4,40,busy day,0
13,19/05/2025,1,1,1,7.5,60,travel,0
13,20/05/2025,1,2,1,8.1,40,travel,0
13,21/05/2025,1,2,1,8.4,20,exam,0
13,22/05/2025,1,2,1,8.2,20,rest day,0
13,23/05/2025,1,2,1,7.9,60,travel,0
13,24/05/2025,1,2,2,7.8,40,rest day,0
13,25/05/2025,1,3,2,7.9,40,tired,0
13,26/05/2025,1,3,2,7,20,busy day,0
13,27/05/2025,1,3,3,8,40,tired,0
13,28/05/2025,1,3,3,7.6,20,rest day,1
13,29/05/2025,1,4,3,8.6,20,busy day,1
13,30/05/2025,1,4,3,7.7,20,rest day,1
13,31/05/2025,2,4,3,8.4,40,exam,0
14,03/04/2025,1,1,1,6.2,20,travel,0
14,04/04/2025,1,1,1,6.8,40,,0
14,05/04/2025,1,1,1,6.5,60,,0
14,06/04/2025,1,1,1,6.8,20,busy day,0
14,07/04/2025,1,1,1,6.4,20,rest day,0
14,08/04/2025,1,1,1,7.6,40,tired,0
14,09/04/2025,1,1,1,5.5,20,rest day,0
14,10/04/2025,1,1,1,6.4,40,exam,1
14,11/04/2025,1,1,1,6,20,travel,1
14,12/04/2025,1,1,1,4.7,60,,1
14,13/04/2025,1,1,1,5.6,60,,1
14,14/04/2025,1,1,1,6.3,60,exam,0
14,15/04/2025,1,1,1,7.1,40,tired,0
14,16/04/2025,1,1,1,5.4,40,travel,0
14,17/04/2025,1,1,1,7.3,20,rest day,0
14,18/04/2025,1,1,1,6.2,40,,0
14,19/04/2025,1,1,1,6.8,60,exam,0
14,20/04/2025,1,1,1,6.1,20,tired,0
14,21/04/2025,1,1,1,6.7,20,exam,0
14,22/04/2025,1,2,1,7.4,40,tired,0
14,23/04/2025,1,2,1,5.8,60,exam,0
14,24/04/2025,1,2,1,6.7,60,tired,0
14,25/04/2025,1,2,1,5.6,40,,1
14,26/04/2025,1,2,1,5.6,40,exam,1
14,27/04/2025,1,1,1,6,40,travel,1
14,28/04/2025,1,1,1,5,40,travel,1
14,29/04/2025,1,1,1,5.3,40,travel,1
14,30/04/2025,1,1,1,6.5,40,rest day,0
14,01/05/2025,1,1,1,6.5,40,exam,0
14,02/05/2025,1,1,1,7,20,busy day,0
14,03/05/2025,1,1,1,6.2,40,rest day,0
14,04/05/2025,1,1,1,6.2,60,tired,0
14,05/05/2025,1,1,1,6.5,20,tired,0
14,06/05/2025,1,2,1,5.7,40,tired,0
14,07/05/2025,1,2,1,6.9,60,rest day,0
14,08/05/2025,1,2,2,6,60,travel,0
14,09/05/2025,1,2,1,5.1,20,rest day,1
14,10/05/2025,1,1,1,5.9,20,,1
14,11/05/2025,1,1,1,6.3,20,exam,0
14,12/05/2025,1,1,1,6.4,20,tired,0
14,13/05/2025,1,2,1,5.6,60,rest day,1
14,14/05/2025,1,1,1,5.2,40,,1
14,15/05/2025,1,1,1,6.6,20,tired,0
14,16/05/2025,1,1,1,7.2,60,exam,0
14,17/05/2025,1,2,1,5.4,20,exam,0
14,18/05/2025,1,1,1,6,20,exam,0
14,19/05/2025,1,1,1,7.2,60,busy day,0
14,20/05/2025,1,1,1,6.2,60,rest day,0
14,21/05/2025,1,1,1,6.5,60,exam,0
14,22/05/2025,1,1,1,7,40,exam,0
14,23/05/2025,1,2,1,6.4,60,travel,0
14,24/05/2025,1,2,1,6.5,20,rest day,0
14,25/05/2025,1,2,1,7,40,busy day,0
14,26/05/2025,1,2,2,6.4,40,exam,0
14,27/05/2025,1,3,2,6,40,travel,0
14,28/05/2025,1,3,2,6.6,60,travel,0
14,29/05/2025,1,3,2,7.2,60,busy day,0
14,30/05/2025,1,3,3,7.3,60,exam,1
14,31/05/2025,2,4,3,5.6,40,travel,0
15,28/03/2025,1,5,5,5.5,0,,1
15,29/03/2025,1,5,5,6,20,exam,1
15,30/03/2025,1,5,5,5.8,0,busy day,1
15,31/03/2025,1,4,5,6.4,0,travel,1
15,01/04/2025,1,5,5,5.3,0,rest day,1
15,02/04/2025,1,4,5,6.3,0,busy day,1
15,03/04/2025,1,5,5,6.4,0,busy day,1
15,04/04/2025,1,5,5,6.7,20,,1
15,05/04/2025,1,5,5,6,0,tired,1
15,06/04/2025,1,5,5,6.9,20,,1
15,07/04/2025,1,5,5,6.5,20,travel,1
15,08/04/2025,1,5,5,5.7,20,tired,1
15,09/04/2025,1,5,5,5.3,0,tired,1
15,10/04/2025,1,5,5,4.7,0,tired,1
15,11/04/2025,1,5,5,4.7,0,,1
15,12/04/2025,1,5,5,6.9,0,rest day,1
15,13/04/2025,1,5,5,5.4,20,exam,1
15,14/04/2025,1,5,5,4.6,0,tired,1
15,15/04/2025,1,5,5,5.9,0,rest day,1
15,16/04/2025,1,5,5,6.8,20,tired,1
15,17/04/2025,1,5,5,5.8,0,,1
15,18/04/2025,1,5,5,5.5,0,rest day,1
15,19/04/2025,1,5,5,5.8,20,travel,1
15,20/04/2025,1,5,5,5.3,0,,1
15,21/04/2025,1,5,5,4.9,20,travel,1
15,22/04/2025,1,5,5,5.6,0,travel,1
15,23/04/2025,1,5,5,5.9,20,exam,1
15,24/04/2025,1,5,5,6.9,0,busy day,1
15,25/04/2025,1,5,5,6.5,0,travel,1
15,26/04/2025,1,5,5,5.9,0,exam,1
15,27/04/2025,1,5,5,5.2,0,busy day,1
15,28/04/2025,1,5,5,6.4,20,busy day,1
15,29/04/2025,1,5,5,5.6,0,busy day,1
15,30/04/2025,1,5,5,4.8,0,travel,1
15,01/05/2025,1,5,5,4.6,0,tired,1
15,02/05/2025,1,5,5,5.7,0,travel,1
15,03/05/2025,1,5,5,6.2,20,travel,1
15,04/05/2025,1,5,5,5.2,20,travel,1
15,05/05/2025,1,5,5,6.9,0,busy day,1
15,06/05/2025,1,5,5,5.4,0,travel,1
15,07/05/2025,1,5,5,5.8,0,,1
15,08/05/2025,1,5,5,6.2,0,tired,1
15,09/05/2025,1,4,5,5.4,0,,1
15,10/05/2025,1,5,5,7.5,0,exam,1
15,11/05/2025,1,5,5,6.8,0,travel,1
15,12/05/2025,1,5,5,4.7,0,tired,1
15,13/05/2025,1,5,5,4.4,20,tired,1
15,14/05/2025,1,5,5,5.1,0,,1
15,15/05/2025,1,5,5,5.7,0,rest day,1
15,16/05/2025,1,4,5,6.1,0,rest day,1
15,17/05/2025,1,4,5,6.1,0,travel,1
15,18/05/2025,1,5,5,6,20,,1
15,19/05/2025,1,5,5,6,0,busy day,1
15,20/05/2025,1,5,5,6.6,20,busy day,1
15,21/05/2025,1,5,5,5.6,0,,1
15,22/05/2025,1,5,5,6.2,0,,1
15,23/05/2025,1,5,5,4.6,0,busy day,1
15,24/05/2025,1,5,5,5.6,0,exam,1
15,25/05/2025,1,5,5,5.7,0,,1
15,26/05/2025,1,5,5,5.1,0,tired,1
15,27/05/2025,1,5,5,5.1,0,exam,1
15,28/05/2025,1,5,5,7.4,20,busy day,1
15,29/05/2025,1,5,5,5.1,0,busy day,1
15,30/05/2025,1,4,4,5.8,0,busy day,1
15,31/05/2025,2,4,3,6.2,20,exam,0
16,22/04/2025,1,1,1,7.4,20,travel,0
16,23/04/2025,1,1,1,6.5,40,travel,0
16,24/04/2025,2,1,1,7.4,40,exam,0
16,25/04/2025,1,1,1,7.5,0,busy day,0
16,26/04/2025,1,1,1,7.4,20,rest day,0
16,27/04/2025,1,1,1,7.7,40,exam,0
16,28/04/2025,2,1,1,6.4,0,rest day,0
16,29/04/2025,2,1,1,7.2,20,busy day,0
16,30/04/2025,2,1,1,6.6,40,,0
16,01/05/2025,2,1,1,8.6,20,busy day,0
16,02/05/2025,1,1,1,7.8,40,exam,0
16,03/05/2025,1,1,1,8.8,0,travel,0
16,04/05/2025,1,1,1,7.8,0,rest day,0
16,05/05/2025,1,1,1,6.8,0,travel,0
16,06/05/2025,1,1,1,7.3,0,exam,0
16,07/05/2025,1,1,1,8.6,20,tired,0
16,08/05/2025,1,1,1,7.2,40,,0
16,09/05/2025,1,2,1,7.7,20,,0
16,10/05/2025,1,2,1,7.9,20,tired,0
16,11/05/2025,1,2,1,7.7,0,exam,0
16,12/05/2025,1,2,1,7.5,40,tired,0
16,13/05/2025,1,2,1,8,20,rest day,0
16,14/05/2025,1,3,1,9,40,tired,0
16,15/05/2025,1,3,1,8.9,40,travel,0
16,16/05/2025,1,3,1,7.2,20,,0
16,17/05/2025,1,3,1,8.4,20,busy day,0
16,18/05/2025,1,3,1,7.8,20,tired,0
16,19/05/2025,1,3,1,7.8,40,rest day,0
16,20/05/2025,1,3,2,8.8,0,travel,0
16,21/05/2025,1,3,1,7.5,40,rest day,1
16,22/05/2025,1,4,2,7.6,20,exam,0
16,23/05/2025,1,3,2,6.1,0,tired,0
16,24/05/2025,1,3,2,7.2,20,rest day,0
16,25/05/2025,1,3,2,7.6,40,,0
16,26/05/2025,1,3,2,7.2,0,busy day,0
16,27/05/2025,1,3,2,7.2,0,rest day,0
16,28/05/2025,1,3,2,7,0,exam,0
16,29/05/2025,1,3,3,7.3,0,rest day,0
16,30/05/2025,2,3,3,7.6,0,exam,0
16,31/05/2025,3,3,2,7.7,40,tired,0
17,26/03/2025,1,1,1,6.9,40,exam,0
17,27/03/2025,1,1,1,6.2,0,travel,0
17,28/03/2025,1,1,1,5.9,40,tired,0
17,29/03/2025,1,1,1,7.2,20,,0
17,30/03/2025,1,1,1,6.2,0,busy day,0
17,31/03/2025,1,1,1,7.5,20,busy day,0
17,01/04/2025,1,1,1,6.8,40,travel,0
17,02/04/2025,1,1,1,7,20,rest day,0
17,03/04/2025,1,1,1,7,20,,0
17,04/04/2025,1,1,1,7,20,travel,0
17,05/04/2025,1,2,1,6.6,0,busy day,0
17,06/04/2025,1,2,1,5.5,0,,0
17,07/04/2025,1,1,1,7.3,40,exam,0
17,08/04/2025,1,1,1,6.9,40,exam,0
17,09/04/2025,1,1,1,6.5,40,exam,0
17,10/04/2025,1,1,1,6.4,0,,0
17,11/04/2025,1,1,1,6.2,20,busy day,0
17,12/04/2025,1,1,1,7.5,20,,0
17,13/04/2025,1,1,1,7.1,20,travel,0
17,14/04/2025,1,1,1,5.9,40,busy day,0
17,15/04/2025,1,1,1,7.7,20,rest day,0
17,16/04/2025,1,1,1,7.5,40,exam,0
17,17/04/2025,1,1,1,5.6,0,busy day,0
17,18/04/2025,1,1,1,6.5,0,rest day,0
17,19/04/2025,1,1,1,6.8,0,busy day,0
17,20/04/2025,1,1,1,6,0,exam,0
17,21/04/2025,1,1,1,6.5,20,tired,0
17,22/04/2025,1,1,1,6,40,,0
17,23/04/2025,1,1,1,7.6,20,rest day,0
17,24/04/2025,1,1,1,7.5,40,exam,0
17,25/04/2025,1,1,1,8.5,20,exam,0
17,26/04/2025,1,1,1,6.3,20,busy day,0
17,27/04/2025,1,1,1,6.9,0,exam,0
17,28/04/2025,1,1,1,6.6,40,busy day,0
17,29/04/2025,1,1,1,6.5,20,,0
17,30/04/2025,1,1,1,6,40,busy day,0
17,01/05/2025,1,2,1,7.6,0,rest day,0
17,02/05/2025,1,2,1,6.9,40,busy day,0
17,03/05/2025,1,2,1,6.7,0,travel,0
17,04/05/2025,1,2,1,7.2,0,tired,0
17,05/05/2025,1,2,1,6.6,0,exam,0
17,06/05/2025,1,2,1,7.6,40,busy day,0
17,07/05/2025,1,2,2,6.7,40,rest day,0
17,08/05/2025,1,2,2,6.9,0,travel,0
17,09/05/2025,1,2,2,6.4,40,busy day,0
17,10/05/2025,1,2,2,7.4,0,tired,0
17,11/05/2025,1,2,2,6.4,20,,0
17,12/05/2025,1,2,2,7.2,20,travel,0
17,13/05/2025,1,3,2,7.6,20,exam,0
17,14/05/2025,1,3,3,6.6,40,rest day,0
17,15/05/2025,1,3,3,7.1,0,,0
17,16/05/2025,1,3,3,7.1,0,travel,0
17,17/05/2025,1,3,3,6.3,0,travel,0
17,18/05/2025,1,3,3,5.8,20,rest day,0
17,19/05/2025,1,2,3,7.3,20,tired,0
17,20/05/2025,1,3,3,6,0,,0
17,21/05/2025,1,3,3,7.8,20,,0
17,22/05/2025,1,3,3,6.7,40,exam,0
17,23/05/2025,1,3,3,5.1,0,travel,0
17,24/05/2025,1,3,3,6.6,0,exam,0
17,25/05/2025,1,3,3,6.3,40,rest day,0
17,26/05/2025,1,3,3,7.6,0,busy day,0
17,27/05/2025,1,3,3,5.2,0,,0
17,28/05/2025,1,2,3,7.1,0,travel,0
17,29/05/2025,1,2,3,6.8,20,,0
17,30/05/2025,2,2,3,7.6,0,busy day,0
17,31/05/2025,2,2,3,6.7,0,busy day,0
18,23/03/2025,4,1,1,7,20,exam,0
18,24/03/2025,5,1,1,8.3,20,busy day,0
18,25/03/2025,5,1,1,8.3,20,travel,0
18,26/03/2025,5,1,1,7.3,40,busy day,0
18,27/03/2025,5,2,1,7.6,60,tired,0
18,28/03/2025,5,1,1,7.1,20,busy day,0
18,29/03/2025,5,1,1,8.5,20,rest day,0
18,30/03/2025,5,1,1,8.8,40,travel,0
18,31/03/2025,5,1,1,7.1,40,travel,0
18,01/04/2025,5,1,1,8.3,20,exam,0
18,02/04/2025,5,1,1,7.5,60,rest day,0
18,03/04/2025,5,1,1,7.1,20,exam,0
18,04/04/2025,5,1,1,7.8,20,,0
18,05/04/2025,4,1,1,8.9,20,exam,0
18,06/04/2025,4,1,1,7.8,60,travel,0
18,07/04/2025,4,1,1,7.6,40,exam,0
18,08/04/2025,4,1,1,8.8,60,busy day,0
18,09/04/2025,4,1,1,8.4,60,exam,0
18,10/04/2025,3,1,1,8.3,40,,0
18,11/04/2025,3,1,1,7,60,tired,0
18,12/04/2025,4,1,1,8.3,60,rest day,0
18,13/04/2025,3,1,1,7.1,40,travel,0
18,14/04/2025,3,1,1,7.3,60,travel,0
18,15/04/2025,3,1,1,7.5,60,tired,0
18,16/04/2025,3,1,1,7.3,40,busy day,0
18,17/04/2025,3,1,1,8.3,40,tired,0
18,18/04/2025,3,1,1,8.6,60,travel,0
18,19/04/2025,3,1,1,7.2,60,busy day,0
18,20/04/2025,3,1,1,7.8,60,tired,0
18,21/04/2025,3,1,1,7.8,40,busy day,0
18,22/04/2025,2,1,1,7.7,20,busy day,0
18,23/04/2025,3,1,1,7.8,40,busy day,0
18,24/04/2025,2,1,1,8.1,60,exam,0
18,25/04/2025,3,1,1,8,20,rest day,0
18,26/04/2025,2,1,1,8.2,60,travel,0
18,27/04/2025,2,1,1,7,20,exam,0
18,28/04/2025,2,1,1,7.8,60,rest day,0
18,29/04/2025,2,1,1,7.3,40,busy day,0
18,30/04/2025,2,1,1,7.8,40,tired,0
18,01/05/2025,2,1,1,6.6,40,rest day,0
18,02/05/2025,2,1,1,7.1,60,,0
18,03/05/2025,2,1,1,8.6,40,busy day,0
18,04/05/2025,2,1,1,8.2,40,,0
18,05/05/2025,2,1,1,8.4,20,tired,0
18,06/05/2025,2,1,1,7.7,20,,0
18,07/05/2025,2,1,1,8.2,40,busy day,0
18,08/05/2025,2,1,1,7.1,20,travel,0
18,09/05/2025,2,1,1,7.9,40,,0
18,10/05/2025,2,1,1,9,20,travel,0
18,11/05/2025,1,1,1,5.4,60,exam,0
18,12/05/2025,1,1,1,6.8,20,tired,0
18,13/05/2025,1,1,1,7.7,20,rest day,0
18,14/05/2025,1,1,1,7.6,40,tired,0
18,15/05/2025,2,1,1,8.2,40,travel,0
18,16/05/2025,1,1,1,7.3,60,rest day,0
18,17/05/2025,1,1,1,8,40,,0
18,18/05/2025,1,1,1,8.4,20,,0
18,19/05/2025,1,1,1,5.6,40,busy day,0
18,20/05/2025,1,1,1,8.1,60,rest day,0
18,21/05/2025,1,1,1,7.8,20,busy day,0
18,22/05/2025,1,1,1,7.2,20,exam,0
18,23/05/2025,1,1,2,7.7,40,tired,0
18,24/05/2025,1,2,2,7.8,40,travel,0
18,25/05/2025,1,2,3,7.9,60,exam,0
18,26/05/2025,1,2,3,8,20,tired,0
18,27/05/2025,1,3,3,6.9,60,,0
18,28/05/2025,1,3,3,7.6,20,busy day,0
18,29/05/2025,1,3,3,7.9,20,rest day,0
18,30/05/2025,1,3,3,8.6,20,busy day,0
18,31/05/2025,1,3,3,6.8,60,travel,0
19,30/03/2025,5,1,1,7.8,0,rest day,0
19,31/03/2025,5,1,1,8,40,tired,0
19,01/04/2025,5,1,1,8.3,20,,0
19,02/04/2025,5,1,1,8.8,40,travel,0
19,03/04/2025,4,1,1,8.8,0,,0
19,04/04/2025,4,1,1,7.8,40,travel,0
19,05/04/2025,4,2,1,8.1,0,busy day,0
19,06/04/2025,4,1,1,7.9,20,rest day,0
19,07/04/2025,4,1,1,7.7,0,rest day,0
19,08/04/2025,4,1,1,8.1,40,exam,0
19,09/04/2025,4,1,1,7.8,40,busy day,0
19,10/04/2025,4,1,1,8.7,40,travel,0
19,11/04/2025,4,1,1,8.4,20,rest day,0
19,12/04/2025,3,1,1,8.3,20,exam,0
19,13/04/2025,3,1,1,9,0,,0
19,14/04/2025,3,1,1,8,20,rest day,0
19,15/04/2025,3,1,1,7.3,20,busy day,0
19,16/04/2025,3,1,1,8.8,0,rest day,0
19,17/04/2025,3,1,1,8.7,40,travel,0
19,18/04/2025,3,1,1,7.4,20,exam,0
19,19/04/2025,3,1,1,9,40,exam,0
19,20/04/2025,3,1,1,7.9,40,busy day,0
19,21/04/2025,3,1,1,8.3,20,,0
19,22/04/2025,2,1,1,8.3,20,tired,0
19,23/04/2025,3,1,1,7.9,40,rest day,0
19,24/04/2025,3,1,1,6.9,0,busy day,0
19,25/04/2025,3,1,1,9,20,tired,0
19,26/04/2025,3,1,1,8.8,20,rest day,0
19,27/04/2025,3,1,1,9,40,,0
19,28/04/2025,2,1,1,8.4,20,busy day,0
19,29/04/2025,2,1,1,7.9,40,travel,0
19,30/04/2025,2,1,1,8.8,0,,0
19,01/05/2025,1,1,1,8.6,40,busy day,0
19,02/05/2025,1,1,1,7.1,0,,0
19,03/05/2025,1,1,1,8.7,0,exam,0
19,04/05/2025,1,1,1,8,40,travel,0
19,05/05/2025,1,2,2,8.7,40,travel,0
19,06/05/2025,1,2,2,7.1,40,tired,0
19,07/05/2025,1,3,2,7.6,0,,0
19,08/05/2025,1,2,3,9,40,busy day,0
19,09/05/2025,1,2,3,8.3,40,tired,0
19,10/05/2025,1,3,3,7.5,0,rest day,0
19,11/05/2025,1,3,3,7.9,40,rest day,0
19,12/05/2025,1,3,3,8.7,40,busy day,1
19,13/05/2025,1,4,3,7.4,20,busy day,0
19,14/05/2025,1,3,3,9,0,rest day,0
19,15/05/2025,1,3,3,8.3,40,busy day,0
19,16/05/2025,1,3,3,8.1,20,rest day,1
19,17/05/2025,1,4,3,8.5,20,exam,1
19,18/05/2025,1,4,4,8.2,40,,1
19,19/05/2025,1,4,4,7.8,20,busy day,1
19,20/05/2025,1,4,4,8.4,40,tired,1
19,21/05/2025,1,5,4,8.2,0,busy day,1
19,22/05/2025,1,5,4,7.5,20,travel,1
19,23/05/2025,1,5,3,8.4,0,tired,1
19,24/05/2025,1,4,3,9,20,rest day,1
19,25/05/2025,1,4,4,9,0,tired,1
19,26/05/2025,1,4,3,9,40,exam,1
19,27/05/2025,1,4,3,9,0,busy day,1
19,28/05/2025,1,4,3,7.9,40,busy day,1
19,29/05/2025,2,5,3,8.4,0,travel,0
19,30/05/2025,3,5,3,6.9,0,travel,0
19,31/05/2025,3,5,3,9,0,exam,0
20,13/04/2025,1,2,1,6.2,60,busy day,0
20,14/04/2025,1,2,1,6.2,60,,0
20,15/04/2025,1,2,1,6,60,rest day,0
20,16/04/2025,1,2,1,7.4,60,exam,0
20,17/04/2025,1,2,1,5.9,40,busy day,0
20,18/04/2025,1,2,1,4.9,60,exam,1
20,19/04/2025,1,1,1,5.8,20,rest day,1
20,20/04/2025,1,1,1,6.8,60,busy day,0
20,21/04/2025,1,1,1,7.6,40,tired,0
20,22/04/2025,1,1,1,7.1,40,tired,0
20,23/04/2025,1,2,1,5.2,20,travel,0
20,24/04/2025,1,1,1,7.1,40,busy day,0
20,25/04/2025,1,1,1,6.3,20,tired,0
20,26/04/2025,1,1,1,6.8,60,rest day,0
20,27/04/2025,1,1,1,7.5,60,travel,0
20,28/04/2025,1,1,1,6.5,20,busy day,0
20,29/04/2025,1,1,1,7.1,40,travel,0
20,30/04/2025,1,1,1,5.6,60,,0
20,01/05/2025,1,1,1,8.1,20,tired,0
20,02/05/2025,1,1,1,6.1,60,tired,0
20,03/05/2025,1,1,1,5.6,40,tired,0
20,04/05/2025,1,1,1,6.7,40,rest day,0
20,05/05/2025,1,2,1,5.7,20,travel,0
20,06/05/2025,1,1,1,6.9,60,busy day,1
20,07/05/2025,1,2,1,5.2,60,travel,1
20,08/05/2025,1,2,1,5.6,20,tired,1
20,09/05/2025,1,1,1,6.6,40,tired,0
20,10/05/2025,1,1,1,6.6,20,busy day,0
20,11/05/2025,1,1,1,6.5,40,exam,0
20,12/05/2025,1,1,1,7.3,40,exam,0
20,13/05/2025,1,1,1,7.5,60,exam,0
20,14/05/2025,1,1,1,6.3,40,,0
20,15/05/2025,1,1,1,7.5,40,exam,0
20,16/05/2025,1,1,1,7.5,40,,0
20,17/05/2025,1,1,1,6.4,20,,0
20,18/05/2025,1,2,1,7.5,40,exam,0
20,19/05/2025,1,2,1,8.3,40,rest day,0
20,20/05/2025,1,2,1,6.2,20,tired,0
20,21/05/2025,1,2,1,6.3,40,busy day,0
20,22/05/2025,1,2,1,5.5,40,,0
20,23/05/2025,1,2,1,7.1,60,rest day,0
20,24/05/2025,1,2,1,6.7,20,rest day,0
20,25/05/2025,1,2,2,6.5,60,,0
20,26/05/2025,1,3,2,6.4,20,busy day,0
20,27/05/2025,1,2,2,8.3,60,,0
20,28/05/2025,1,2,3,7.2,60,rest day,0
20,29/05/2025,2,3,3,8,20,tired,0
20,30/05/2025,3,3,3,7.7,60,exam,1
20,31/05/2025,3,3,4,7.2,20,rest day,0
21,27/03/2025,1,5,5,5.1,0,,1
21,28/03/2025,1,5,5,8,20,tired,1
21,29/03/2025,1,5,5,6.9,20,rest day,1
21,30/03/2025,1,5,5,7.8,0,exam,1
21,31/03/2025,1,5,5,6.8,0,travel,1
21,01/04/2025,1,5,5,5.9,0,,1
21,02/04/2025,1,5,5,7.2,0,busy day,1
21,03/04/2025,1,5,5,6.6,0,exam,1
21,04/04/2025,1,5,5,8.1,0,,1
21,05/04/2025,1,5,5,7.1,20,rest day,1
21,06/04/2025,1,5,5,6,0,rest day,1
21,07/04/2025,1,5,5,5.9,0,,1
21,08/04/2025,1,4,5,6.7,0,rest day,1
21,09/04/2025,1,5,5,7.1,0,tired,1
21,10/04/2025,1,5,5,6.5,0,rest day,1
21,11/04/2025,1,4,5,6.6,0,rest day,1
21,12/04/2025,1,4,5,6.2,0,rest day,1
21,13/04/2025,1,5,5,6.5,0,rest day,1
21,14/04/2025,1,4,5,7.2,20,exam,1
21,15/04/2025,1,4,5,6.8,0,travel,1
21,16/04/2025,1,4,5,6.9,0,tired,1
21,17/04/2025,1,5,5,7.1,0,rest day,1
21,18/04/2025,1,5,5,6.3,20,tired,1
21,19/04/2025,1,5,5,7.3,20,exam,1
21,20/04/2025,1,5,5,6.5,0,travel,1
21,21/04/2025,1,5,5,6.9,0,tired,1
21,22/04/2025,1,5,5,5.7,20,exam,1
21,23/04/2025,1,4,5,7.7,20,busy day,1
21,24/04/2025,1,5,5,6.8,20,rest day,1
21,25/04/2025,1,5,5,6.4,0,travel,1
21,26/04/2025,1,5,5,7.7,0,,1
21,27/04/2025,1,5,5,6.7,0,rest day,1
21,28/04/2025,1,5,5,6.1,0,rest day,1
21,29/04/2025,1,5,5,5.6,20,travel,1
21,30/04/2025,1,4,5,6.8,20,,1
21,01/05/2025,1,4,5,6.8,0,exam,1
21,02/05/2025,1,4,5,7.7,20,busy day,1
21,03/05/2025,1,4,5,7.2,0,rest day,1
21,04/05/2025,1,4,5,7.2,0,,1
21,05/05/2025,1,4,5,6,0,exam,1
21,06/05/2025,1,4,5,7.5,0,rest day,1
21,07/05/2025,1,4,5,6.9,0,exam,1
21,08/05/2025,1,4,5,6.6,20,travel,1
21,09/05/2025,1,4,5,6.9,0,exam,1
21,10/05/2025,1,4,5,6.8,0,travel,1
21,11/05/2025,1,4,5,7.5,20,busy day,1
21,12/05/2025,1,4,5,6.9,0,tired,1
21,13/05/2025,1,4,5,6.6,0,,1
21,14/05/2025,1,4,5,6.5,0,busy day,1
21,15/05/2025,1,4,5,7.9,20,busy day,1
21,16/05/2025,1,5,5,7.4,0,tired,1
21,17/05/2025,1,5,5,5.7,0,exam,1
21,18/05/2025,1,4,4,6.9,0,busy day,1
21,19/05/2025,1,4,4,6.7,20,exam,1
21,20/05/2025,1,4,4,7,20,rest day,1
21,21/05/2025,1,5,4,5.1,20,busy day,1
21,22/05/2025,1,4,4,5.5,0,rest day,1
21,23/05/2025,1,4,4,6.7,0,exam,1
21,24/05/2025,1,5,4,8.6,0,travel,1
21,25/05/2025,1,5,3,7.3,0,exam,1
21,26/05/2025,1,5,3,7.3,0,busy day,1
21,27/05/2025,1,4,3,8.5,20,,1
21,28/05/2025,1,4,3,6.3,0,tired,1
21,29/05/2025,1,4,3,7.3,20,travel,1
21,30/05/2025,1,4,3,5.7,20,rest day,1
21,31/05/2025,2,4,3,6.8,20,exam,0
22,10/04/2025,1,5,5,6.7,0,travel,1
22,11/04/2025,1,5,5,6.3,0,travel,1
22,12/04/2025,1,5,5,5.2,0,,1
22,13/04/2025,1,5,5,6.4,0,busy day,1
22,14/04/2025,1,5,5,6.2,0,tired,1
22,15/04/2025,1,5,5,5.6,0,rest day,1
22,16/04/2025,1,5,5,6.4,0,,1
22,17/04/2025,1,5,5,6,0,exam,1
22,18/04/2025,1,5,5,5.8,20,rest day,1
22,19/04/2025,1,5,5,7.1,20,busy day,1
22,20/04/2025,1,5,5,5.7,0,travel,1
22,21/04/2025,1,5,5,6.4,20,exam,1
22,22/04/2025,1,5,5,7.4,20,rest day,1
22,23/04/2025,1,5,5,5.8,0,rest day,1
22,24/04/2025,1,5,5,6.6,0,rest day,1
22,25/04/2025,1,5,5,6.3,20,exam,1
22,26/04/2025,1,5,5,7.3,0,busy day,1
22,27/04/2025,1,5,5,5.1,0,,1
22,28/04/2025,1,5,5,6.5,0,travel,1
22,29/04/2025,1,5,5,7.4,0,exam,1
22,30/04/2025,1,5,5,5.1,0,,1
22,01/05/2025,1,5,5,5.9,0,busy day,1
22,02/05/2025,1,5,5,6.1,20,,1
22,03/05/2025,1,5,5,6.8,0,exam,1
22,04/05/2025,1,5,5,6.9,20,travel,1
22,05/05/2025,1,5,5,6.5,0,busy day,1
22,06/05/2025,1,5,5,6.8,20,rest day,1
22,07/05/2025,1,5,5,7.2,0,rest day,1
22,08/05/2025,1,5,5,7.1,0,rest day,1
22,09/05/2025,1,5,5,7.2,20,tired,1
22,10/05/2025,1,5,5,5.6,0,tired,1
22,11/05/2025,1,5,5,4.9,0,,1
22,12/05/2025,1,5,5,6.3,0,busy day,1
22,13/05/2025,1,5,5,5.2,0,,1
22,14/05/2025,1,5,5,6.4,0,exam,1
22,15/05/2025,1,5,5,5.3,20,rest day,1
22,16/05/2025,1,5,4,6.2,0,exam,1
22,17/05/2025,1,5,4,5.2,0,busy day,1
22,18/05/2025,1,4,4,7.4,0,exam,1
22,19/05/2025,1,4,4,5.8,0,tired,1
22,20/05/2025,1,4,3,7.2,0,exam,1
22,21/05/2025,1,4,3,7.2,0,travel,1
22,22/05/2025,1,4,3,5.7,20,travel,0
22,23/05/2025,1,3,3,6.2,20,exam,1
22,24/05/2025,1,4,3,4.9,0,travel,1
22,25/05/2025,1,3,2,5.5,20,tired,1
22,26/05/2025,1,3,2,6.8,0,tired,0
22,27/05/2025,1,3,2,6.8,0,tired,0
22,28/05/2025,1,3,2,6.2,0,busy day,0
22,29/05/2025,2,3,2,5.8,20,rest day,0
22,30/05/2025,3,3,2,7.4,0,exam,1
22,31/05/2025,4,2,2,4.6,20,exam,0
23,06/04/2025,1,1,1,6.3,60,,1
23,07/04/2025,1,1,1,5.5,20,exam,0
23,08/04/2025,1,1,1,6.4,40,rest day,0
23,09/04/2025,1,1,1,7.1,60,travel,0
23,10/04/2025,1,1,1,7.4,40,exam,0
23,11/04/2025,1,1,1,6.4,40,rest day,0
23,12/04/2025,1,1,1,6,40,,0
23,13/04/2025,1,1,1,7.3,20,exam,0
23,14/04/2025,1,1,1,7.2,20,tired,0
23,15/04/2025,1,1,1,7.1,60,busy day,0
23,16/04/2025,1,1,1,7.1,40,busy day,0
23,17/04/2025,1,1,1,7.4,60,tired,0
23,18/04/2025,1,1,1,6,60,exam,0
23,19/04/2025,1,1,1,6.1,20,rest day,0
23,20/04/2025,1,1,1,6.9,20,,0
23,21/04/2025,1,1,1,7.7,40,exam,0
23,22/04/2025,1,1,1,6.1,40,busy day,0
23,23/04/2025,1,1,1,7.1,20,travel,0
23,24/04/2025,1,1,1,6.8,40,busy day,0
23,25/04/2025,1,1,1,6.9,20,,0
23,26/04/2025,1,1,1,5.6,60,rest day,0
23,27/04/2025,1,1,1,7.7,40,busy day,0
23,28/04/2025,1,1,1,6.4,20,tired,0
23,29/04/2025,1,1,1,7.3,60,rest day,0
23,30/04/2025,1,1,1,6.2,60,rest day,0
23,01/05/2025,1,1,1,7.6,20,travel,0
23,02/05/2025,1,1,1,5.6,40,busy day,0
23,03/05/2025,1,1,1,6.9,60,travel,0
23,04/05/2025,1,1,1,7.4,20,rest day,0
23,05/05/2025,1,1,1,6.1,60,rest day,0
23,06/05/2025,1,2,1,6.3,20,rest day,0
23,07/05/2025,1,2,1,5.7,60,exam,1
23,08/05/2025,1,2,1,5.6,40,busy day,0
23,09/05/2025,1,1,1,6.7,20,busy day,0
23,10/05/2025,1,1,1,7.7,40,tired,0
23,11/05/2025,1,1,1,8,20,travel,0
23,12/05/2025,1,1,1,7.8,40,tired,0
23,13/05/2025,1,1,1,5.9,20,,0
23,14/05/2025,1,1,1,7.4,40,,0
23,15/05/2025,1,1,1,6.2,40,busy day,0
23,16/05/2025,1,1,1,6.5,60,exam,0
23,17/05/2025,1,1,1,6,40,,0
23,18/05/2025,1,1,1,6.8,20,,0
23,19/05/2025,1,1,1,6.3,20,tired,0
23,20/05/2025,1,1,1,6.8,40,,0
23,21/05/2025,1,1,1,6.2,40,busy day,0
23,22/05/2025,1,2,1,6.3,40,rest day,0
23,23/05/2025,1,2,2,7.5,40,exam,0
23,24/05/2025,1,2,2,6.1,20,rest day,0
23,25/05/2025,1,2,2,6.9,60,busy day,0
23,26/05/2025,1,2,3,6,20,rest day,0
23,27/05/2025,1,2,3,8.4,20,,0
23,28/05/2025,1,2,3,7.3,20,rest day,0
23,29/05/2025,1,2,3,6.8,60,tired,1
23,30/05/2025,1,2,4,7.4,20,travel,1
23,31/05/2025,1,2,4,7.1,40,exam,0
24,15/04/2025,1,5,5,4.6,0,,1
24,16/04/2025,1,5,5,4.8,0,exam,1
24,17/04/2025,1,5,5,5.8,20,tired,1
24,18/04/2025,1,5,5,4.6,0,,1
24,19/04/2025,1,5,5,5.8,0,exam,1
24,20/04/2025,1,5,5,4.8,20,travel,1
24,21/04/2025,1,5,5,5.7,0,tired,1
24,22/04/2025,1,5,5,5.8,0,exam,1
24,23/04/2025,1,5,5,5.8,0,,1
24,24/04/2025,1,5,5,4.9,0,tired,1
24,25/04/2025,1,5,5,6,0,,1
24,26/04/2025,1,5,5,5.3,0,rest day,1
24,27/04/2025,1,5,5,5.9,0,,1
24,28/04/2025,1,5,5,4.9,20,tired,1
24,29/04/2025,1,5,5,5.2,0,exam,1
24,30/04/2025,1,5,5,5.3,0,travel,1
24,01/05/2025,1,5,5,4.5,20,tired,1
24,02/05/2025,1,5,5,6.6,0,tired,1
24,03/05/2025,1,5,5,4.9,0,exam,1
24,04/05/2025,1,5,5,5,0,,1
24,05/05/2025,1,5,5,5.7,0,travel,1
24,06/05/2025,1,5,5,5.1,0,tired,1
24,07/05/2025,1,5,5,4.7,0,exam,1
24,08/05/2025,1,5,5,4.7,0,tired,1
24,09/05/2025,1,5,5,4.8,0,tired,1
24,10/05/2025,1,5,5,4.4,0,travel,1
24,11/05/2025,1,5,5,6.4,20,tired,1
24,12/05/2025,1,5,5,5.6,20,travel,1
24,13/05/2025,1,5,5,5.7,20,,1
24,14/05/2025,1,5,5,6.3,20,tired,1
24,15/05/2025,1,5,5,5.1,20,travel,1
24,16/05/2025,1,5,5,5.8,0,tired,1
24,17/05/2025,1,5,5,5.9,0,tired,1
24,18/05/2025,1,5,5,5,0,exam,1
24,19/05/2025,1,5,5,4.6,0,,1
24,20/05/2025,1,5,5,5.5,20,,1
24,21/05/2025,1,5,5,5.8,0,travel,1
24,22/05/2025,1,5,5,5.8,0,rest day,1
24,23/05/2025,1,5,5,6.2,0,rest day,1
24,24/05/2025,1,5,5,5.4,0,tired,1
24,25/05/2025,1,5,5,5.1,20,rest day,1
24,26/05/2025,1,5,4,6,0,,1
24,27/05/2025,1,4,4,5.8,20,busy day,1
24,28/05/2025,1,4,4,5,0,,1
24,29/05/2025,1,3,4,6,0,tired,1
24,30/05/2025,1,3,4,5.7,20,exam,1
24,31/05/2025,2,3,4,5.6,0,busy day,0
25,18/04/2025,1,3,1,5.3,20,rest day,1
25,19/04/2025,1,3,1,5.5,40,travel,1
25,20/04/2025,1,3,1,6.4,20,exam,0
25,21/04/2025,1,3,1,6.1,20,tired,1
25,22/04/2025,1,3,1,4.2,60,,1
25,23/04/2025,1,3,1,6.5,20,tired,1
25,24/04/2025,1,3,1,5.7,60,travel,0
25,25/04/2025,1,3,1,6.5,40,exam,1
25,26/04/2025,1,3,1,5.7,20,,1
25,27/04/2025,1,2,1,5.4,60,,1
25,28/04/2025,1,2,1,5.9,60,busy day,0
25,29/04/2025,1,2,1,6.7,40,rest day,0
25,30/04/2025,1,2,1,5.7,20,busy day,0
25,01/05/2025,1,2,1,6.1,60,,1
25,02/05/2025,1,2,1,6,60,rest day,1
25,03/05/2025,1,2,1,5.4,60,busy day,1
25,04/05/2025,1,2,1,5.7,60,busy day,1
25,05/05/2025,1,2,1,6.3,60,busy day,0
25,06/05/2025,1,2,1,7,40,,1
25,07/05/2025,1,2,1,4.3,20,,1
25,08/05/2025,1,2,1,5.9,60,rest day,1
25,09/05/2025,1,2,1,5.3,40,busy day,1
25,10/05/2025,1,1,1,6.2,20,exam,1
25,11/05/2025,1,2,1,5.9,20,travel,0
25,12/05/2025,1,1,1,6.9,20,rest day,0
25,13/05/2025,1,1,1,5.8,40,rest day,0
25,14/05/2025,1,1,1,6.3,20,,1
25,15/05/2025,1,1,1,5.6,60,travel,0
25,16/05/2025,1,1,1,7.1,40,tired,0
25,17/05/2025,1,1,1,6.9,20,travel,0
25,18/05/2025,1,1,1,6.6,40,busy day,0
25,19/05/2025,1,1,1,6.5,60,,0
25,20/05/2025,1,1,1,6.4,60,travel,1
25,21/05/2025,1,1,1,4.9,60,travel,1
25,22/05/2025,1,1,1,6.6,20,exam,0
25,23/05/2025,1,1,1,6.6,20,busy day,0
25,24/05/2025,1,1,1,6.3,20,busy day,0
25,25/05/2025,1,1,1,6.3,20,,0
25,26/05/2025,1,1,1,6.1,20,rest day,0
25,27/05/2025,1,1,1,6.7,40,,1
25,28/05/2025,1,2,2,5,60,travel,0
25,29/05/2025,2,2,2,6.5,40,busy day,0
25,30/05/2025,2,2,2,6.5,40,rest day,0
25,31/05/2025,3,2,2,7.1,20,tired,0
26,17/04/2025,4,1,1,8.2,20,,0
26,18/04/2025,4,1,1,9,40,busy day,0
26,19/04/2025,3,1,1,7.5,60,,0
26,20/04/2025,3,1,1,8.9,20,,0
26,21/04/2025,3,1,1,9,60,,0
26,22/04/2025,3,1,1,8.3,20,,0
26,23/04/2025,2,1,1,7,20,busy day,0
26,24/04/2025,3,1,1,8.1,60,rest day,0
26,25/04/2025,2,1,1,9,20,tired,0
26,26/04/2025,2,1,1,8.4,40,exam,0
26,27/04/2025,2,1,1,8,60,exam,0
26,28/04/2025,2,1,1,7.9,20,rest day,0
26,29/04/2025,2,1,1,7.1,60,exam,0
26,30/04/2025,2,1,1,7,60,busy day,0
26,01/05/2025,2,1,1,8.3,40,exam,0
26,02/05/2025,2,1,1,9,20,,0
26,03/05/2025,2,1,1,7.6,40,rest day,0
26,04/05/2025,2,1,1,8,40,busy day,0
26,05/05/2025,2,1,1,8.7,40,busy day,0
26,06/05/2025,1,1,1,7.7,40,busy day,0
26,07/05/2025,1,1,1,8.3,20,exam,0
26,08/05/2025,1,1,1,6.8,20,busy day,0
26,09/05/2025,2,1,1,8,60,tired,0
26,10/05/2025,1,1,1,7.9,40,busy day,0
26,11/05/2025,1,1,1,7.7,40,busy day,0
26,12/05/2025,1,1,1,8.8,40,tired,0
26,13/05/2025,1,1,1,8.5,20,rest day,0
26,14/05/2025,1,1,1,8,20,travel,0
26,15/05/2025,1,1,1,7.1,60,rest day,0
26,16/05/2025,1,1,1,6.7,60,rest day,0
26,17/05/2025,1,1,1,6.6,60,,0
26,18/05/2025,1,1,1,7.6,60,rest day,0
26,19/05/2025,1,1,1,8.1,40,,0
26,20/05/2025,1,1,1,7.1,60,busy day,0
26,21/05/2025,1,1,1,9,40,travel,0
26,22/05/2025,1,1,2,7.3,20,travel,0
26,23/05/2025,1,1,2,8.2,20,busy day,0
26,24/05/2025,1,1,2,8.2,60,exam,0
26,25/05/2025,1,2,3,8.7,40,travel,0
26,26/05/2025,1,2,3,8.1,60,travel,0
26,27/05/2025,1,2,3,8.2,60,busy day,1
26,28/05/2025,1,3,4,8,20,exam,1
26,29/05/2025,1,3,4,7.9,40,rest day,1
26,30/05/2025,1,3,4,7.8,20,travel,1
26,31/05/2025,2,3,4,7.8,20,travel,0
27,31/03/2025,1,4,5,7.8,20,rest day,1
27,01/04/2025,1,3,5,8.2,0,travel,1
27,02/04/2025,1,4,5,8.6,20,tired,1
27,03/04/2025,1,4,5,8.4,20,tired,1
27,04/04/2025,1,4,5,8.2,0,,1
27,05/04/2025,1,4,5,8.2,0,exam,1
27,06/04/2025,1,4,5,9,0,exam,1
27,07/04/2025,1,5,5,6.6,20,exam,1
27,08/04/2025,1,4,5,8.9,20,rest day,1
27,09/04/2025,1,4,5,6.8,20,exam,1
27,10/04/2025,1,4,5,7.3,20,tired,1
27,11/04/2025,1,4,5,8.6,0,,1
27,12/04/2025,1,4,5,8.8,20,exam,1
27,13/04/2025,1,4,5,8.2,0,rest day,1
27,14/04/2025,1,4,5,9,0,rest day,1
27,15/04/2025,1,5,5,7.4,0,travel,1
27,16/04/2025,1,5,5,9,0,,1
27,17/04/2025,1,5,5,8.2,20,travel,1
27,18/04/2025,1,5,5,9,0,rest day,1
27,19/04/2025,1,5,5,8.9,0,rest day,1
27,20/04/2025,1,5,5,9,0,travel,1
27,21/04/2025,1,4,5,7.1,0,travel,1
27,22/04/2025,1,4,5,9,20,travel,1
27,23/04/2025,1,4,5,9,0,busy day,1
27,24/04/2025,1,4,5,7.9,0,tired,1
27,25/04/2025,1,4,5,8.1,0,travel,1
27,26/04/2025,1,4,4,7,0,exam,1
27,27/04/2025,1,3,5,9,0,,1
27,28/04/2025,1,3,4,8.9,20,exam,1
27,29/04/2025,1,3,4,7.5,0,travel,1
27,30/04/2025,1,4,4,7.4,0,exam,0
27,01/05/2025,1,3,3,8,20,,1
27,02/05/2025,1,4,3,9,0,tired,0
27,03/05/2025,1,3,3,7.9,20,busy day,1
27,04/05/2025,1,4,3,9,0,rest day,0
27,05/05/2025,1,3,3,8.6,0,tired,0
27,06/05/2025,1,3,3,6.6,0,tired,0
27,07/05/2025,1,3,3,7.7,20,travel,0
27,08/05/2025,1,3,2,9,0,travel,0
27,09/05/2025,1,3,2,8.2,0,,0
27,10/05/2025,1,3,2,7.9,0,exam,0
27,11/05/2025,1,3,2,8,0,exam,0
27,12/05/2025,1,3,2,8.1,0,travel,0
27,13/05/2025,1,3,2,8.4,20,exam,0
27,14/05/2025,1,3,3,9,20,,0
27,15/05/2025,1,3,3,8.9,20,rest day,0
27,16/05/2025,1,2,2,9,20,busy day,0
27,17/05/2025,1,3,2,8,0,rest day,0
27,18/05/2025,1,3,2,8.9,0,exam,0
27,19/05/2025,1,3,2,8,0,busy day,0
27,20/05/2025,1,3,2,7.3,20,,0
27,21/05/2025,1,3,2,7.6,0,rest day,0
27,22/05/2025,1,3,2,8.3,0,exam,0
27,23/05/2025,1,3,3,7.6,0,travel,0
27,24/05/2025,1,3,3,7.8,20,travel,0
27,25/05/2025,1,3,3,8.8,0,travel,0
27,26/05/2025,1,3,3,8.1,0,,0
27,27/05/2025,1,3,2,7.7,0,travel,0
27,28/05/2025,1,3,2,8.7,0,tired,0
27,29/05/2025,1,3,3,8.5,0,exam,0
27,30/05/2025,1,3,2,8.2,0,rest day,0
27,31/05/2025,1,3,2,8.5,0,rest day,0
28,25/03/2025,1,4,4,7.3,20,busy day,1
28,26/03/2025,1,4,4,7.3,0,,1
28,27/03/2025,1,4,4,7.1,0,,1
28,28/03/2025,1,4,5,7,20,exam,1
28,29/03/2025,1,4,5,7.5,0,exam,1
28,30/03/2025,1,4,5,8.1,20,exam,1
28,31/03/2025,1,4,5,8.2,0,tired,1
28,01/04/2025,1,4,5,6.4,0,tired,1
28,02/04/2025,1,5,5,6.6,0,exam,1
28,03/04/2025,1,5,5,7.1,0,tired,1
28,04/04/2025,1,5,5,7.9,20,,1
28,05/04/2025,1,5,4,8.1,0,,1
28,06/04/2025,1,5,4,6.8,20,travel,1
28,07/04/2025,1,5,4,5.6,0,busy day,1
28,08/04/2025,1,5,3,7,20,tired,1
28,09/04/2025,1,5,3,6.8,0,,1
28,10/04/2025,1,5,3,7,0,exam,1
28,11/04/2025,1,5,2,6.3,0,rest day,1
28,12/04/2025,1,5,2,6.1,20,travel,1
28,13/04/2025,1,5,3,7.4,0,busy day,1
28,14/04/2025,1,5,3,7,0,travel,1
28,15/04/2025,1,4,3,7.5,0,rest day,1
28,16/04/2025,1,4,3,6.5,0,rest day,1
28,17/04/2025,1,4,3,7.8,0,exam,1
28,18/04/2025,1,4,2,7.3,0,,1
28,19/04/2025,1,4,2,7.5,20,busy day,1
28,20/04/2025,1,4,2,7.7,20,exam,1
28,21/04/2025,1,4,2,7.1,0,,0
28,22/04/2025,1,3,2,8.1,0,travel,0
28,23/04/2025,1,3,2,6.5,20,tired,0
28,24/04/2025,1,3,2,6.9,0,exam,0
28,25/04/2025,1,3,2,7.9,20,busy day,1
28,26/04/2025,1,4,3,7.8,0,busy day,1
28,27/04/2025,1,4,2,7.6,20,travel,1
28,28/04/2025,1,4,3,6.9,0,busy day,1
28,29/04/2025,1,4,3,6.8,20,busy day,1
28,30/04/2025,1,4,3,8.1,0,rest day,0
28,01/05/2025,1,3,3,6.4,20,busy day,1
28,02/05/2025,1,3,4,7.2,0,exam,0
28,03/05/2025,1,3,3,6,0,,0
28,04/05/2025,1,3,3,6.6,0,rest day,0
28,05/05/2025,1,3,3,7.3,20,,0
28,06/05/2025,1,3,3,6.8,20,travel,1
28,07/05/2025,1,4,3,7.3,0,tired,1
28,08/05/2025,1,4,3,7,20,tired,1
28,09/05/2025,1,4,3,6,0,,0
28,10/05/2025,1,3,3,7.7,0,,1
28,11/05/2025,1,4,3,5.8,20,travel,1
28,12/05/2025,1,4,3,6.8,0,travel,1
28,13/05/2025,1,4,3,5.7,0,exam,1
28,14/05/2025,1,4,2,7.2,20,rest day,0
28,15/05/2025,1,3,2,7.5,0,exam,0
28,16/05/2025,1,2,2,7.6,0,exam,0
28,17/05/2025,1,3,2,6.9,0,tired,0
28,18/05/2025,1,3,2,7.1,20,exam,0
28,19/05/2025,1,3,2,6.4,0,busy day,0
28,20/05/2025,1,3,2,6.6,0,busy day,0
28,21/05/2025,1,3,2,7.3,20,busy day,0
28,22/05/2025,1,3,2,6.3,20,tired,0
28,23/05/2025,1,3,2,7.2,0,travel,0
28,24/05/2025,1,3,3,7.1,0,rest day,0
28,25/05/2025,1,2,2,6.8,0,,0
28,26/05/2025,1,3,3,6.5,0,,0
28,27/05/2025,1,3,3,8.1,20,rest day,1
28,28/05/2025,1,3,4,7.9,20,rest day,1
28,29/05/2025,1,3,4,5.7,0,tired,0
28,30/05/2025,1,2,3,7.2,0,,1
28,31/05/2025,1,2,4,8.4,0,busy day,0
29,23/03/2025,1,1,1,5.4,20,exam,1
29,24/03/2025,1,1,1,6.5,40,tired,0
29,25/03/2025,1,1,1,6.4,40,,0
29,26/03/2025,1,2,1,5.9,40,tired,0
29,27/03/2025,1,1,1,6.4,40,tired,1
29,28/03/2025,1,2,1,5,40,rest day,1
29,29/03/2025,1,1,1,4.9,60,rest day,1
29,30/03/2025,1,1,1,6.7,40,exam,0
29,31/03/2025,1,1,1,6.7,40,exam,0
29,01/04/2025,1,2,1,6.6,60,tired,0
29,02/04/2025,1,2,1,8,60,travel,0
29,03/04/2025,1,2,1,6.7,20,travel,0
29,04/04/2025,1,2,1,6.4,40,,0
29,05/04/2025,1,2,1,5.5,20,rest day,0
29,06/04/2025,1,2,1,6.6,60,travel,0
29,07/04/2025,1,2,1,6.2,60,,0
29,08/04/2025,1,3,1,6.3,40,tired,0
29,09/04/2025,1,3,1,5.6,20,exam,1
29,10/04/2025,1,2,1,5.9,20,tired,1
29,11/04/2025,1,2,1,6.2,20,exam,1
29,12/04/2025,1,2,2,5.7,20,rest day,1
29,13/04/2025,1,2,2,5.2,20,exam,0
29,14/04/2025,1,2,1,7.6,40,busy day,0
29,15/04/2025,1,2,1,5.7,60,,0
29,16/04/2025,1,2,2,6.8,60,travel,0
29,17/04/2025,1,2,2,5.6,40,busy day,0
29,18/04/2025,1,2,2,6.6,40,travel,0
29,19/04/2025,1,2,2,6.8,60,busy day,0
29,20/04/2025,1,3,2,7.5,20,tired,0
29,21/04/2025,1,3,2,5.9,40,,0
29,22/04/2025,1,3,2,6.6,40,busy day,0
29,23/04/2025,1,3,2,6.4,40,,0
29,24/04/2025,1,3,3,5.1,20,exam,1
29,25/04/2025,1,3,3,6.2,40,rest day,0
29,26/04/2025,1,3,3,6.7,20,busy day,0
29,27/04/2025,1,3,3,5.6,60,travel,0
29,28/04/2025,1,3,3,7,60,tired,0
29,29/04/2025,1,3,3,5.8,20,exam,0
29,30/04/2025,1,3,3,6.2,20,,1
29,01/05/2025,1,3,3,5.4,60,busy day,1
29,02/05/2025,1,3,4,7.3,40,,1
29,03/05/2025,1,3,4,5,40,exam,1
29,04/05/2025,1,3,4,5.1,60,busy day,1
29,05/05/2025,1,3,4,6.1,40,rest day,1
29,06/05/2025,1,3,4,6.5,60,rest day,1
29,07/05/2025,1,3,4,6.2,60,busy day,1
29,08/05/2025,1,4,4,5.9,20,travel,1
29,09/05/2025,1,3,4,6,40,busy day,1
29,10/05/2025,1,3,4,6.4,60,travel,1
29,11/05/2025,1,4,5,6.2,20,exam,1
29,12/05/2025,1,4,4,6.4,60,,1
29,13/05/2025,1,4,4,5.6,60,busy day,1
29,14/05/2025,1,4,4,7.2,40,,1
29,15/05/2025,1,4,5,6.7,60,busy day,1
29,16/05/2025,1,4,5,5.7,20,,1
29,17/05/2025,1,4,5,6.9,60,rest day,1
29,18/05/2025,1,5,5,5.8,40,busy day,1
29,19/05/2025,1,5,5,6.6,60,,1
29,20/05/2025,1,5,5,5.6,20,exam,1
29,21/05/2025,1,5,5,6.1,20,rest day,1
29,22/05/2025,1,5,5,5.4,20,travel,1
29,23/05/2025,1,5,5,6.4,20,travel,1
29,24/05/2025,1,5,5,6.1,20,tired,1
29,25/05/2025,1,5,5,6.2,60,rest day,1
29,26/05/2025,1,5,5,5.6,40,travel,1
29,27/05/2025,1,5,5,4.8,20,busy day,1
29,28/05/2025,1,5,5,4.7,40,tired,1
29,29/05/2025,1,5,5,5.1,60,tired,1
29,30/05/2025,1,5,5,5.3,40,busy day,1
29,31/05/2025,2,5,4,7.9,40,rest day,0
30,31/03/2025,1,1,1,9,20,tired,0
30,01/04/2025,1,1,1,8.4,40,travel,0
30,02/04/2025,1,1,1,6.9,0,busy day,0
30,03/04/2025,1,1,1,7.6,20,travel,0
30,04/04/2025,1,1,1,7.3,0,exam,0
30,05/04/2025,1,1,1,6.2,20,tired,0
30,06/04/2025,1,1,1,7.4,40,rest day,0
30,07/04/2025,1,1,1,8.6,0,travel,0
30,08/04/2025,1,1,1,7.2,0,busy day,0
30,09/04/2025,1,1,1,6.8,20,,0
30,10/04/2025,1,1,1,7.6,20,rest day,0
30,11/04/2025,1,1,1,8.4,40,travel,0
30,12/04/2025,1,1,1,8,40,travel,0
30,13/04/2025,1,1,1,6.6,40,busy day,0
30,14/04/2025,1,1,1,7.5,0,busy day,0
30,15/04/2025,1,1,1,7.5,0,travel,0
30,16/04/2025,1,1,1,7.9,40,travel,0
30,17/04/2025,1,1,1,8.6,40,travel,0
30,18/04/2025,1,1,1,7.5,20,,0
30,19/04/2025,1,1,1,6.7,20,rest day,0
30,20/04/2025,2,1,1,5.9,40,,0
30,21/04/2025,2,1,1,6.8,40,exam,0
30,22/04/2025,2,1,1,7.5,0,exam,0
30,23/04/2025,2,1,1,7.4,0,,0
30,24/04/2025,2,1,1,8.2,40,,0
30,25/04/2025,2,1,1,7.4,40,busy day,0
30,26/04/2025,2,1,1,7.8,40,busy day,0
30,27/04/2025,2,1,1,8.4,40,exam,0
30,28/04/2025,2,1,1,7.2,40,,0
30,29/04/2025,2,1,1,6.9,40,travel,0
30,30/04/2025,2,1,1,6.8,20,exam,0
30,01/05/2025,2,1,1,7.8,0,,0
30,02/05/2025,2,1,1,7,40,travel,0
30,03/05/2025,2,1,1,7.3,20,exam,0
30,04/05/2025,2,1,1,7.1,0,exam,0
30,05/05/2025,2,1,1,7.4,40,rest day,0
30,06/05/2025,2,1,1,7.9,20,busy day,0
30,07/05/2025,2,1,1,8.8,40,busy day,0
30,08/05/2025,2,1,1,7.4,20,,0
30,09/05/2025,2,1,1,7.6,0,busy day,0
30,10/05/2025,2,1,1,8.6,40,tired,0
30,11/05/2025,1,1,1,7.6,0,exam,0
30,12/05/2025,1,1,1,7.6,0,rest day,0
30,13/05/2025,1,1,1,7.8,20,exam,0
30,14/05/2025,1,1,1,6.2,20,travel,0
30,15/05/2025,1,1,1,7.4,40,rest day,0
30,16/05/2025,1,1,1,7.5,0,rest day,0
30,17/05/2025,1,1,2,7.8,40,travel,0
30,18/05/2025,1,1,2,6.5,40,rest day,0
30,19/05/2025,1,2,2,7.3,0,busy day,0
30,20/05/2025,1,2,3,7.7,40,travel,0
30,21/05/2025,1,2,3,6.9,40,travel,0
30,22/05/2025,1,2,3,6.6,40,busy day,0
30,23/05/2025,1,2,3,8,20,busy day,1
30,24/05/2025,1,3,4,7.9,0,rest day,1
30,25/05/2025,1,3,4,6.3,20,tired,1
30,26/05/2025,1,3,4,9,40,,1
30,27/05/2025,1,3,4,6.8,20,rest day,1
30,28/05/2025,1,3,4,7.5,0,tired,1
30,29/05/2025,1,3,4,6.9,20,travel,1
30,30/05/2025,1,3,4,7.9,0,tired,1
30,31/05/2025,2,3,4,6.9,20,tired,0
